-- phpMyAdmin SQL Dump
-- version 5.1.1
-- https://www.phpmyadmin.net/
--
-- Хост: 127.0.0.1:3306
-- Время создания: Мар 27 2023 г., 09:58
-- Версия сервера: 8.0.24
-- Версия PHP: 7.1.33

SET SQL_MODE = "NO_AUTO_VALUE_ON_ZERO";
START TRANSACTION;
SET time_zone = "+00:00";


/*!40101 SET @OLD_CHARACTER_SET_CLIENT=@@CHARACTER_SET_CLIENT */;
/*!40101 SET @OLD_CHARACTER_SET_RESULTS=@@CHARACTER_SET_RESULTS */;
/*!40101 SET @OLD_COLLATION_CONNECTION=@@COLLATION_CONNECTION */;
/*!40101 SET NAMES utf8mb4 */;

--
-- База данных: `gi`
--

-- --------------------------------------------------------

--
-- Структура таблицы `admins`
--

CREATE TABLE `admins` (
  `id` int NOT NULL,
  `login` varchar(255) NOT NULL,
  `password` varchar(255) NOT NULL
) ENGINE=InnoDB DEFAULT CHARSET=utf8mb3;

--
-- Дамп данных таблицы `admins`
--

INSERT INTO `admins` (`id`, `login`, `password`) VALUES
(1, 'Shurik', '820e2fd56579310beaab2f624b3f0088');

-- --------------------------------------------------------

--
-- Структура таблицы `artifacts`
--

CREATE TABLE `artifacts` (
  `id` int NOT NULL,
  `name` varchar(255) NOT NULL,
  `path` mediumtext NOT NULL,
  `rare` varchar(255) NOT NULL,
  `2` mediumtext NOT NULL,
  `4` mediumtext NOT NULL
) ENGINE=InnoDB DEFAULT CHARSET=utf8mb3;

--
-- Дамп данных таблицы `artifacts`
--

INSERT INTO `artifacts` (`id`, `name`, `path`, `rare`, `2`, `4`) VALUES
(1, 'Горящая алая ведьма', 'assets/image/artifacts/Crimson_Witch_of_Flames.png', 'star_5', 'Увеличивает бонус Пиро урона на 15%.', 'Увеличивает урон статусов Перегрузка и Горение на 40%, а урон статусов Пар и Таяние - на 15%. Использование элементального навыка увеличивает эффекты набора из двух вещей на 50% в течение 10 сек. Может складываться до 3 раз.'),
(2, 'Киноварное загробье', 'assets/image/artifacts/Vermillion_Hereafter.png', 'star_5', 'Увеличивает силу атаки на 18%.', 'После активации взрыва стихии на 16 сек. создаёт Скрытое сияние, которое повышает силу атаки на 8%. Сила атаки персонажа увеличивается ещё на 10%, когда он теряет HP. Этот эффект может возникнуть максимум 4 раза и не чаще, чем раз в 0,8 сек. Скрытое сияние исчезает, когда персонаж покидает поле боя. При повторной активации взрыва стихии существующее Скрытое сияние снимается.'),
(3, 'Изумрудная тень', 'assets/image/artifacts/Viridescent_Venerer.png', 'star_5', 'Увеличивает бонус Анемо урона на 15%.', 'Увеличивает урон Рассеивания на 60%. При взаимодействии Рассеивания с другим элементом, также понижает сопротивление противника к соответствующему элементу на 40% в течение 10 сек.'),
(4, 'Конец гладиатора', 'assets/image/artifacts/Gladiator`s_Finale.png', 'star_5', 'Увеличивает силу атаки на 18%.', 'Увеличивает урон обычной атаки на 35%, если персонаж использует одноручное, двуручное или древковое оружие.'),
(5, 'Стойкость Миллелита', 'assets/image/artifacts/Tenacity_of_the_Millelith.png', 'star_5', 'Увеличивает здоровье на 20%.', 'Когда элементальный навык попадает по врагам, атака всех находящихся поблизости персонажей в отряде, увеличивается на 20%, а прочность их щита увеличивается на 30%. Эффект длится 3 сек. и может возникнуть 1 раз в 0,5 сек. Этот эффект может быть активирован, даже если персонаж, экипированный этим набором артефактов, не находится на поле боя.'),
(6, 'Бледный огонь', 'assets/image/artifacts/Pale_Flame.png', 'star_5', 'Увеличивает физ. урон на 25%.', 'Когда элементальный навык попадает по врагам, атака увеличивается на 9% в течение 7 сек. Эффект может складываться до 2 раз и возникнуть не чаще 1 раза за 0,3 сек. На 2 уровне складывания эффект набора из 2 вещей увеличивается на 100%.'),
(7, 'Заблудший в метели', 'assets/image/artifacts/Blizzard_Strayer.png', 'star_5', 'Увеличивает бонус Крио урона на 15%.', 'Атаки по противникам с эффектом Крио увеличивают шанс крит. попадания на 20%. Если противник имеет статус Заморозка, то дополнительно увеличивает шанс крит. попадания на 20%.'),
(8, 'Воспоминания дремучего леса', 'assets/image/artifacts/Deepwood_Memories.png', 'star_5', 'Увеличивает бонус Дендро урона на 15%.', 'Попадание элементальным навыком или взрывом стихии снижает Дендро сопротивление врага на 30% на 8 сек. Этот эффект срабатывает, даже если экипированный этими артефактами персонаж не на поле боя.'),
(9, 'Позолоченные сны', 'assets/image/artifacts/Gilded_Dreams.png', 'star_5', 'Увеличивает мастерство стихий на 80 ед.', 'На 8 сек. после вызова элементальной реакции согласно элементам других персонажей в отряде экипированный этими артефактами персонаж получает следующие усиления: сила атаки повышается на 14% за каждого персонажа с таким же элементом, как и у экипированного персонажа; мастерство стихий повышается на 50 ед. за каждого персонажа с иным элементом. Каждое из этих усилений при подсчёте включает до 3 персонажей. Эффект может возникнуть один раз в 8 сек. Срабатывает, даже если экипированный этими артефактами персонаж не на поле боя.'),
(10, 'Сердце глубин', 'assets/image/artifacts/Heart_of_Depth.png', 'star_5', 'Увеличивает бонус Гидро урона на 15%.', 'Увеличивает урон обычной и заряженной атаки на 30% в течение 15 сек. после использования элементального навыка.'),
(11, 'Церемония древней знати', 'assets/image/artifacts/Noblesse_Oblige.png', 'star_5', 'Увеличивает урон взрыва стихии на 20%.', 'Активация взрыва стихии увеличивает силу атаки всех членов отряда на 20% в течение 12 сек. Эффект не складывается.'),
(12, 'Громогласный рёв ярости', 'assets/image/artifacts/Thundering_Fury.png', 'star_5', 'Увеличивает бонус Электро урона на 15%.', 'Увеличивает урон реакций Перегрузка, Заряжен, Сверхпроводник и Вегетация на 40%. Урон от реакции Обострение увеличивается на 20%. При активации этих реакций, а также реакции Стимуляция, время отката элементального навыка уменьшается на 1 сек. Эффект может возникнуть не чаще 1 раза в 0,8 сек.'),
(13, 'Странствующий ансамбль', 'assets/image/artifacts/Wanderer`s_Troupe.png', 'star_5', 'Увеличивает мастерство стихий на 80 ед.', 'Увеличивает урон заряженной атаки на 35%, если персонаж использует катализатор или стрелковое оружие.'),
(14, 'Встречная комета', 'assets/image/artifacts/Retracing_Bolide.png', 'star_5', 'Увеличивает прочность щита на 35%.', 'Под защитой щита увеличивает урон обычной и заряженной атаки на 40%.'),
(15, 'Кокон сладких грёз', 'assets/image/artifacts/Husk_of_Opulent_Dreams.png', 'star_5', 'Увеличивает защиту на 30%.', 'Персонаж, экипированный этим набором артефактов, получает эффект Любопытства в следующих ситуациях: 1 уровень Любопытства даётся активному персонажу после попадания по противнику атакой Гео (не чаще чем раз в 0,3 сек.); когда персонаж находится вне поля боя, он получает 1 ур. Любопытства каждые 3 сек. Любопытство может складываться до 4 ур., каждый ур. прибавляет 6% к защите и 6% к Гео урону. Если персонаж не получает Любопытство в течение 6 сек., то он теряет 1 накопленный уровень Любопытства.');

-- --------------------------------------------------------

--
-- Структура таблицы `characters`
--

CREATE TABLE `characters` (
  `id` int NOT NULL,
  `name_en` varchar(255) NOT NULL,
  `name_ru` varchar(255) NOT NULL,
  `element` varchar(255) NOT NULL,
  `rare` int NOT NULL,
  `rare_character` varchar(255) NOT NULL,
  `weapon` longtext NOT NULL,
  `region` varchar(255) NOT NULL,
  `description` longtext NOT NULL,
  `gallery` json NOT NULL,
  `skills_element` varchar(255) NOT NULL,
  `skills_icon` json NOT NULL,
  `skills_info` json NOT NULL,
  `item_character` json NOT NULL,
  `item_skills` json NOT NULL,
  `constellation` json NOT NULL
) ENGINE=InnoDB DEFAULT CHARSET=utf8mb3;

--
-- Дамп данных таблицы `characters`
--

INSERT INTO `characters` (`id`, `name_en`, `name_ru`, `element`, `rare`, `rare_character`, `weapon`, `region`, `description`, `gallery`, `skills_element`, `skills_icon`, `skills_info`, `item_character`, `item_skills`, `constellation`) VALUES
(1, 'Xiao', 'Сяо', 'anemo', 5, 'star_5', 'assets/image/weapons/spear.png', 'Ли Юэ', 'Бессмертный дух Якса, охраняющий гавань Ли Юэ. Также зовётся Охотником на демонов или Защитником Якса.', '[\"assets/image/characters/Xiao/avatar.png\", \"assets/image/characters/Xiao/card.jpg\", \"assets/image/characters/Xiao/constellation.png\"]', 'skills-anemo', '[\"assets/image/characters/Xiao/Talents/Normal_Attack.png\", \"assets/image/characters/Xiao/Talents/Lemniscatic_Wind_Cycling.png\", \"assets/image/characters/Xiao/Talents/Bane_of_All_Evil.png\", \"assets/image/characters/Xiao/Talents/const_talent_0.png\", \"assets/image/characters/Xiao/Talents/const_talent_1.png\", \"assets/image/characters/Xiao/Talents/const_talent_2.png\"]', '[[[\"Вихревой удар\"], [[1, \"Обычная атака:\", [\"До шести быстрых ударов копьём.\", \"\"]], [1, \"Заряженная атака:\", [\"Проводит воздушную атаку, для которой тратится определённое количество выносливости.\", \"\"]], [1, \"Атака в падении:\", [\"Стремительно падает на землю, атакуя всех врагов на пути. Приземлившись, наносит урон по площади.\", \"Сяо не получает урона от проведения атаки в падении.\", \"\"]]]], [[\" Лемниската ветра\", \"элементальный навык\"], [[0, [\"Сяо совершает выпад вперёд, нанося Анемо урон врагам на пути.\", \"Можно совершить в воздухе.\", \"Изначально имеет два заряда.\"]]], \"В легендах из далёких земель говорится, что в конце концов мир будет раздроблен двумя ветряными колёсами. Мастерство владения древковым оружием Сяо позволяет ему дробить врагов, словно те два колеса.\"], [[\"Истребление всего зла\", \"взрыв стихии\"], [[0, [\"Сяо надевает маску Якса, заставлявшую трепетать от страха богов и демонов тысячи лет назад.\", \"\"]], [2, \"Маска Якса:\", [\"Значительно усиливает прыжки Сяо;\", \"Увеличивает радиус и урон его атак;\", \"Конвертирует урон от атак в Анемо урон, этот эффект не может быть отменён какой-либо элементальной инфузией.\"]], [0, [\"Находясь в этой форме, Сяо периодически теряет HP.\", \"Эффекты этого навыка заканчиваются, когда Сяо покидает поле боя.\"]]], \"Надевая маску Якса, Сяо превращается в ужасающую форму бдительного Якса, истребляющего демонов. Однако великая сила требует огромных жертв. Люди прозвали его борьбу истребление всего зла.\"], [[\"Завоеватель зла: Усмиряющий демонов\", \"пассивный талант\", \"разблокируется на 1 уровне возвышения\"], [[0, [\"При использовании навыка Истребление всего зла урон Сяо увеличивается на 5%. После этого его урон продолжает увеличиваться на 5% каждые 3 сек. до окончания действия навыка.\", \"Макс. увеличение урона - 25%.\"]]]], [[\"Эра распада: Падение небес\", \"пассивный талант\", \"разблокируется на 4 уровне возвышения\"], [[0, [\"В течение 7 сек. после использование навыка Лемниската ветра увеличивает урон следующего использования навыка Лемниската ветра на 15%.\", \"Эффект длится 7 сек. и может складываться до трёх раз. Длительность обнуляется с каждым новым складыванием.\"]]]], [[\"Трансценденция: Отрицание гравитации\", \"пассивный талант\", \"разблокируется автоматически\"], [[0, [\"Уменьшает потребление выносливости активного персонажа во время карабканья на 20%.\", \"Не суммируется с пассивными талантами, дающими точно такие же эффекты.\"]]]]]', '[[20, [[20000, \"assets/image/items/Mora.png\"], [1, \"assets/image/items/Vayuda_Turquoise_Sliver.png\"], [3, \"assets/image/items/Qingxin.png\"], [3, \"assets/image/items/Slime_Condensate.png\"]]], [40, [[40000, \"assets/image/items/Mora.png\"], [3, \"assets/image/items/Vayuda_Turquoise_Fragment.png\"], [2, \"assets/image/items/Juvenile_Jade.png\"], [10, \"assets/image/items/Qingxin.png\"], [15, \"assets/image/items/Slime_Condensate.png\"]]], [50, [[60000, \"assets/image/items/Mora.png\"], [6, \"assets/image/items/Vayuda_Turquoise_Fragment.png\"], [4, \"assets/image/items/Juvenile_Jade.png\"], [20, \"assets/image/items/Qingxin.png\"], [12, \"assets/image/items/Slime_Secretions.png\"]]], [60, [[80000, \"assets/image/items/Mora.png\"], [3, \"assets/image/items/Vayuda_Turquoise_Chunk.png\"], [8, \"assets/image/items/Juvenile_Jade.png\"], [30, \"assets/image/items/Qingxin.png\"], [18, \"assets/image/items/Slime_Secretions.png\"]]], [70, [[100000, \"assets/image/items/Mora.png\"], [6, \"assets/image/items/Vayuda_Turquoise_Chunk.png\"], [12, \"assets/image/items/Juvenile_Jade.png\"], [45, \"assets/image/items/Qingxin.png\"], [12, \"assets/image/items/Slime_Concentrate.png\"]]], [80, [[120000, \"assets/image/items/Mora.png\"], [6, \"assets/image/items/Vayuda_Turquoise_Gemstone.png\"], [20, \"assets/image/items/Juvenile_Jade.png\"], [60, \"assets/image/items/Qingxin.png\"], [24, \"assets/image/items/Slime_Concentrate.png\"]]]]', '[[2, [[12500, \"assets/image/items/Mora.png\"], [3, \"assets/image/items/Teachings_of_Prosperity.png\"], [6, \"assets/image/items/Slime_Condensate.png\"]]], [3, [[17500, \"assets/image/items/Mora.png\"], [2, \"assets/image/items/Guide_to_Prosperity.png\"], [3, \"assets/image/items/Slime_Secretions.png\"]]], [4, [[25000, \"assets/image/items/Mora.png\"], [4, \"assets/image/items/Guide_to_Prosperity.png\"], [4, \"assets/image/items/Slime_Secretions.png\"]]], [5, [[30000, \"assets/image/items/Mora.png\"], [6, \"assets/image/items/Guide_to_Prosperity.png\"], [6, \"assets/image/items/Slime_Secretions.png\"]]], [6, [[37500, \"assets/image/items/Mora.png\"], [9, \"assets/image/items/Guide_to_Prosperity.png\"], [9, \"assets/image/items/Slime_Secretions.png\"]]], [7, [[120000, \"assets/image/items/Mora.png\"], [4, \"assets/image/items/Philosophies_of_Prosperity.png\"], [4, \"assets/image/items/Slime_Concentrate.png\"], [1, \"assets/image/items/Shadow_of_the_Warrior.png\"]]], [8, [[250000, \"assets/image/items/Mora.png\"], [6, \"assets/image/items/Philosophies_of_Prosperity.png\"], [6, \"assets/image/items/Slime_Concentrate.png\"], [1, \"assets/image/items/Shadow_of_the_Warrior.png\"]]], [9, [[450000, \"assets/image/items/Mora.png\"], [12, \"assets/image/items/Philosophies_of_Prosperity.png\"], [9, \"assets/image/items/Slime_Concentrate.png\"], [2, \"assets/image/items/Shadow_of_the_Warrior.png\"]]], [10, [[700000, \"assets/image/items/Mora.png\"], [16, \"assets/image/items/Philosophies_of_Prosperity.png\"], [12, \"assets/image/items/Slime_Concentrate.png\"], [2, \"assets/image/items/Shadow_of_the_Warrior.png\"], [1, \"assets/image/items/Crown.png\"]]]]', '[[\"assets/image/characters/Xiao/Constellation/constellation_1.png\", \"Эра распада: Сокрушитель миров\", [[0, [\"Увеличивает количество зарядов навыка Лемниската ветра на 1.\", \"\"]]]], [\"assets/image/characters/Xiao/Constellation/constellation_2.png\", \"Эра истребления: Расцвет Калейдоса\", [[0, [\"Когда Сяо в отряде, но не является активным персонажем, его энергия восстанавливается на 25% быстрее.\", \"\"]]]], [\"assets/image/characters/Xiao/Constellation/constellation_3.png\", \"Завоеватель зла: Бог гнева\", [[0, [\"Увеличивает уровень навыка Лемниската ветра на 3.\", \"Макс. уровень: 15\", \"\"]]]], [\"assets/image/characters/Xiao/Constellation/constellation_4.png\", \"Трансценденция: Исчезновение страданий\", [[0, [\"Когда HP Сяо опускается ниже 50%, его защита увеличивается на 100%.\", \"\"]]]], [\"assets/image/characters/Xiao/Constellation/constellation_5.png\", \"Эра эволюции: Истоки невежества\", [[0, [\"Увеличивает уровень навыка Истребление всего зла на 3.\", \"Макс. уровень: 15\", \"\"]]]], [\"assets/image/characters/Xiao/Constellation/constellation_6.png\", \"Завоеватель зла: Защитник Якса\", [[0, [\"Попадание атакой в падении по двум и более врагам в форме навыка Истребление всего зла добавляет один заряд навыку Лемниската ветра, после чего в течение 1 сек. его можно активировать, игнорируя время отката.\", \"\"]]]]]'),
(2, 'Zhongli', 'Чжун Ли', 'geo', 5, 'star_5', 'assets/image/weapons/spear.png', 'Ли Юэ', 'Приглашённый специалист ритуального бюро «Ваншэн». Необычайно загадочен и сведущ во всех делах.', '[\"assets/image/characters/Zhongli/avatar.png\", \"assets/image/characters/Zhongli/card.png\", \"assets/image/characters/Zhongli/constellation.png\"]', 'skills-geo', '[\"assets/image/characters/Zhongli/Talents/Normal_Attack_Rain_of_Stone.png\", \"assets/image/characters/Zhongli/Talents/Dominus_Lapidis.png\", \"assets/image/characters/Zhongli/Talents/Planet_Befall.png\", \"assets/image/characters/Zhongli/Talents/const_talent_0.png\", \"assets/image/characters/Zhongli/Talents/const_talent_1.png\", \"assets/image/characters/Zhongli/Talents/const_talent_2.png\"]', '[[[\"Каменный дождь\"], [[1, \"Обычная атака:\", [\"До шести ударов копьём.\", \"\"]], [1, \"Заряженная атака:\", [\"Выпад, вызывающий дождь из каменных копий, на который тратится определённое количество выносливости.\", \"\"]], [1, \"Атака в падении:\", [\"Стремительно падает на землю, атакуя всех врагов на пути. Приземлившись, наносит урон по площади.\"]]]], [[\"Власть над камнем\", \"элементальный навык\"], [[0, [\"Каждая гора, каждый камень и вся земля пронизаны энергией Гео, но только единицы могут ею управлять.\", \"\"]], [1, \"Быстрое нажатие:\", [\"Приказывает силам земли создать Каменную стелу.\", \"\"]], [1, \"Долгое нажатие:\", [\"Заставляет окружающую Гео энергию взорваться, что вызывает следующие эффекты:\", \"\"]], [3, [\"Создаёт Каменную стелу, если не было достигнуто их максимально допустимое количество.\", \"Создаёт Яшмовый щит. Поглощение урона щита зависит от макс. HP Чжун Ли.\", \"Наносит Гео урон по площади.\", \"Если поблизости есть цели с элементом Гео, вытягивает большое количество Гео элемента из максимум 2 таких целей. Этот эффект не наносит урона.\"]], [1, \"Каменная стела:\", [\"При создании наносит Гео урон по площади.\", \"Также Каменная стела входит в резонанс с окружающими её другими Гео конструкциями, нанося Гео урон окружающим врагам.\", \"Каменная стела считается Гео конструкцией, на неё можно взобраться или использовать её для блокирования атак.\", \"Первоначально может существовать только одна Каменная стела, созданная самим Чжун Ли.\", \"\"]], [1, \"Яшмовый щит:\", [\"Весь элементальный и физический урон поглощается на 150% эффективнее.\", \"Персонажи, защищённые Яшмовым щитом, будут понижать элементальное и физическое сопротивление врагов в небольшом радиусе на 20%. Этот эффект не может складываться.\", \"\"]], [0, [\"Настоящий мастер может вырезать нефрит и придать форму золоту одной лишь мыслью.\"]]]], [[\"Падение кометы\", \"взрыв стихии\"], [[0, [\"Призывает гигантский метеорит, который наносит огромный Гео урон врагам в радиусе поражения, а также накладывает на них статус Окаменение.\", \"\"]], [1, \"Окаменение:\", [\"Враги со статусом Окаменение не могут двигаться.\", \"\"]], [0, [\"Падающая комета карает несправедливость.\"]]]], [[\"Каменная воля\", \"пассивный талант\", \"разблокируется на 1 уровне возвышения\"], [[0, [\"Полученный при активном Яшмовом щите урон накладывает статус Укрепление:\"]], [3, [\"Увеличивает прочность щита персонажа, защищённого Яшмовым щитом, на 5%.\", \"Может складываться до 5 раз, и длится до тех пор, пока не исчезнет Яшмовый щит.\"]]]], [[\"Господство земли\", \"пассивный талант\", \"разблокируется на 4 уровне возвышения\"], [[0, [\"Чжун Ли наносит дополнительный урон, который зависит от его макс. HP:\", \"\"]], [3, [\"Урон обычной атаки, заряженной атаки и атаки в падении увеличен на 1,39% от макс. HP.\", \"Урон Каменной стелы навыка Власть над камнем, её резонанса и долгого нажатия увеличен на 1,9% от макс. HP.\", \"Урон навыка Падение кометы увеличен на 33% от макс. HP.\"]]]], [[\"Кристальная судьба\", \"пассивный талант\", \"разблокируется автоматически\"], [[0, [\"При ковке древкового оружия возвращает 15% затраченной руды.\"]]]]]', '[[20, [[20000, \"assets/image/items/Mora.png\"], [1, \"assets/image/items/Prithiva_Topaz_Sliver.png\"], [3, \"assets/image/items/Cor_Lapis.png\"], [3, \"assets/image/items/Slime_Condensate.png\"]]], [40, [[40000, \"assets/image/items/Mora.png\"], [3, \"assets/image/items/Prithiva_Topaz_Fragment.png\"], [2, \"assets/image/items/Basalt_Pillar.png\"], [10, \"assets/image/items/Cor_Lapis.png\"], [15, \"assets/image/items/Slime_Condensate.png\"]]], [50, [[60000, \"assets/image/items/Mora.png\"], [6, \"assets/image/items/Prithiva_Topaz_Fragment.png\"], [4, \"assets/image/items/Basalt_Pillar.png\"], [20, \"assets/image/items/Cor_Lapis.png\"], [12, \"assets/image/items/Slime_Secretions.png\"]]], [60, [[80000, \"assets/image/items/Mora.png\"], [3, \"assets/image/items/Prithiva_Topaz_Chunk.png\"], [8, \"assets/image/items/Basalt_Pillar.png\"], [30, \"assets/image/items/Cor_Lapis.png\"], [18, \"assets/image/items/Slime_Secretions.png\"]]], [70, [[100000, \"assets/image/items/Mora.png\"], [6, \"assets/image/items/Prithiva_Topaz_Chunk.png\"], [12, \"assets/image/items/Basalt_Pillar.png\"], [45, \"assets/image/items/Cor_Lapis.png\"], [12, \"assets/image/items/Slime_Concentrate.png\"]]], [80, [[120000, \"assets/image/items/Mora.png\"], [6, \"assets/image/items/Prithiva_Topaz_Gemstone.png\"], [20, \"assets/image/items/Basalt_Pillar.png\"], [60, \"assets/image/items/Cor_Lapis.png\"], [24, \"assets/image/items/Slime_Concentrate.png\"]]]]', '[[2, [[12500, \"assets/image/items/Mora.png\"], [3, \"assets/image/items/Teachings_of_Gold.png\"], [6, \"assets/image/items/Slime_Condensate.png\"]]], [3, [[17500, \"assets/image/items/Mora.png\"], [2, \"assets/image/items/Guide_to_Gold.png\"], [3, \"assets/image/items/Slime_Secretions.png\"]]], [4, [[25000, \"assets/image/items/Mora.png\"], [4, \"assets/image/items/Guide_to_Gold.png\"], [4, \"assets/image/items/Slime_Secretions.png\"]]], [5, [[30000, \"assets/image/items/Mora.png\"], [6, \"assets/image/items/Guide_to_Gold.png\"], [6, \"assets/image/items/Slime_Secretions.png\"]]], [6, [[37500, \"assets/image/items/Mora.png\"], [9, \"assets/image/items/Guide_to_Gold.png\"], [9, \"assets/image/items/Slime_Secretions.png\"]]], [7, [[120000, \"assets/image/items/Mora.png\"], [4, \"assets/image/items/Philosophies_of_Gold.png\"], [4, \"assets/image/items/Slime_Concentrate.png\"], [1, \"assets/image/items/Tusk_of_Monoceros_Caeli.png\"]]], [8, [[250000, \"assets/image/items/Mora.png\"], [6, \"assets/image/items/Philosophies_of_Gold.png\"], [6, \"assets/image/items/Slime_Concentrate.png\"], [1, \"assets/image/items/Tusk_of_Monoceros_Caeli.png\"]]], [9, [[450000, \"assets/image/items/Mora.png\"], [12, \"assets/image/items/Philosophies_of_Gold.png\"], [9, \"assets/image/items/Slime_Concentrate.png\"], [2, \"assets/image/items/Tusk_of_Monoceros_Caeli.png\"]]], [10, [[700000, \"assets/image/items/Mora.png\"], [16, \"assets/image/items/Philosophies_of_Gold.png\"], [12, \"assets/image/items/Slime_Concentrate.png\"], [2, \"assets/image/items/Tusk_of_Monoceros_Caeli.png\"], [1, \"assets/image/items/Crown.png\"]]]]', '[[\"assets/image/characters/Zhongli/Constellation/constellation_1.png\", \"На чём держится земля\", [[0, [\"Допускает одновременное существование двух Каменных стел навыка Власть над камнем.\", \"\"]]]], [\"assets/image/characters/Zhongli/Constellation/constellation_2.png\", \"Колыбель нефрита\", [[0, [\"Навык Падение кометы накладывает Яшмовый щит на окружающих персонажей.\", \"\"]]]], [\"assets/image/characters/Zhongli/Constellation/constellation_3.png\", \"Яшмовый блеск\", [[0, [\"Увеличивает уровень навыка Власть над камнем на 3.\", \"Макс. уровень: 15\"]]]], [\"assets/image/characters/Zhongli/Constellation/constellation_4.png\", \"Топаз, несломленный и бесстрашный\", [[0, [\"Увеличивает зону поражения навыка Падение кометы на 20%, также увеличивает длительность окаменения на 2 сек.\", \"\"]]]], [\"assets/image/characters/Zhongli/Constellation/constellation_5.png\", \"Лазурит, вестник порядка\", [[0, [\"Увеличивает уровень навыка Падение кометы на 3.\", \"Макс. уровень: 15\"]]]], [\"assets/image/characters/Zhongli/Constellation/constellation_6.png\", \"Кризос, награда деспота\", [[0, [\"Когда Яшмовый щит получает урон, 40% этого урона конвертируется в HP для активного персонажа.\", \"Одно восстановление не может превышать 8% от макс. HP персонажа.\"]]]]]'),
(3, 'Ganyu', 'Гань Юй', 'cryo', 5, 'star_5', 'assets/image/weapons/archery.png', 'Ли Юэ', 'Главный секретарь павильона Лунного моря. В её жилах течёт кровь мифического зверя цилиня.', '[\"assets/image/characters/Ganyu/avatar.png\", \"assets/image/characters/Ganyu/card.png\", \"assets/image/characters/Ganyu/constellation.png\"]', 'skills-cryo', '[\"assets/image/characters/Ganyu/Talents/Normal_Attack_Liutian_Archery.png\", \"assets/image/characters/Ganyu/Talents/Trail_of_the_Qilin.png\", \"assets/image/characters/Ganyu/Talents/Celestial_Shower.png\", \"assets/image/characters/Ganyu/Talents/const_talent_0.png\", \"assets/image/characters/Ganyu/Talents/const_talent_1.png\", \"assets/image/characters/Ganyu/Talents/const_talent_2.png\"]', '[[[\"Небесная стрела\"], [[1, \"Обычная атака:\", [\"До шести выстрелов из лука.\", \"\"]], [1, \"Заряженная атака:\", [\"Более меткий прицельный выстрел с увеличенным уроном.\", \"Во время прицеливания наконечник стрелы заряжается ледяной аурой. Эффект зависит от длительности заряда стрелы:\"]], [3, [\"Уровень заряда 1: Выпускает ледяную стрелу, наносящую Крио урон;\", \"Уровень заряда 2: Выпускает стрелу-снежинку, наносящую Крио урон. При попадании стрела-снежинка расцветает и наносит Крио урон по площади.\"]], [1, \"Атака в падении:\", [\"Выпускает град стрел в воздухе, которые при приземлении персонажа наносят урон по площади.\", \"\"]]]], [[\"След цилиня\", \"элементальный навык\"], [[0, [\"Гань Юй отпрыгивает назад, оставив перед собой Ледяной лотос, который наносит Крио урон по площади.\", \"\"]], [2, \"Ледяной лотос:\", [\"Привлекает атаки врагов на себя;\", \"Макс. HP Ледяного лотоса зависит от макс. HP Гань Юй;\", \"Если Ледяной лотос уничтожен, либо его время заканчивается, он распускается, нанося Крио урон по площади.\"]]], \"«Говоришь, ты видел меня? Должно быть, ты ошибся. В тот вечер я решила задержаться на работе».\"], [[\"Небесный дождь\", \"взрыв стихии\"], [[0, [\"Собирает из воздуха иней для того, чтобы призвать Священную Крио жемчужину, изгоняющую зло.\", \"Пока навык активен, Священная Крио жемчужина непрерывно обрушивает на врагов в области осколки льда, нанося Крио урон.\", \"\"]]], \"Гань Юй может создать для вас сладкий дождь, но для демонов и еретиков он превращается в горький морозящий снег.\"], [[\"Неразделённое сердце\", \"пассивный талант\", \"разблокируется на 1 уровне возвышения\"], [[0, [\"В течение 5 сек. после выстрела стрелы-снежинки увеличивает шанс крит. попадания стрел-снежинок и вызванного ими цветения на 20%.\"]]]], [[\"Гармония Земли и Небес\", \"пассивный талант\", \"разблокируется на 4 уровне возвышения\"], [[0, [\"Активные члены отряда, находящиеся в области навыка Небесный дождь, получают 20% бонус Крио урона.\"]]]], [[\"Отложено на охоту\", \"пассивный талант\", \"разблокируется автоматически\"], [[0, [\"При ковке стрелкового оружия возвращает 15% затраченной руды.\", \"\"]]]]]', '[[20, [[20000, \"assets/image/items/Mora.png\"], [1, \"assets/image/items/Shivada_Jade_Sliver.png\"], [3, \"assets/image/items/Qingxin.png\"], [3, \"assets/image/items/Whopperflower_Nectar.png\"]]], [40, [[40000, \"assets/image/items/Mora.png\"], [3, \"assets/image/items/Shivada_Jade_Fragment.png\"], [2, \"assets/image/items/Hoarfrost_Core.png\"], [10, \"assets/image/items/Qingxin.png\"], [15, \"assets/image/items/Whopperflower_Nectar.png\"]]], [50, [[60000, \"assets/image/items/Mora.png\"], [6, \"assets/image/items/Shivada_Jade_Fragment.png\"], [4, \"assets/image/items/Hoarfrost_Core.png\"], [20, \"assets/image/items/Qingxin.png\"], [12, \"assets/image/items/Shimmering_Nectar.png\"]]], [60, [[80000, \"assets/image/items/Mora.png\"], [3, \"assets/image/items/Shivada_Jade_Chunk.png\"], [8, \"assets/image/items/Hoarfrost_Core.png\"], [30, \"assets/image/items/Qingxin.png\"], [18, \"assets/image/items/Shimmering_Nectar.png\"]]], [70, [[100000, \"assets/image/items/Mora.png\"], [6, \"assets/image/items/Shivada_Jade_Chunk.png\"], [12, \"assets/image/items/Hoarfrost_Core.png\"], [45, \"assets/image/items/Qingxin.png\"], [12, \"assets/image/items/Energy_Nectar.png\"]]], [80, [[120000, \"assets/image/items/Mora.png\"], [6, \"assets/image/items/Shivada_Jade_Gemstone.png\"], [20, \"assets/image/items/Hoarfrost_Core.png\"], [60, \"assets/image/items/Qingxin.png\"], [24, \"assets/image/items/Energy_Nectar.png\"]]]]', '[[2, [[12500, \"assets/image/items/Mora.png\"], [3, \"assets/image/items/Teachings_of_Diligence.png\"], [6, \"assets/image/items/Whopperflower_Nectar.png\"]]], [3, [[17500, \"assets/image/items/Mora.png\"], [2, \"assets/image/items/Guide_to_Diligence.png\"], [3, \"assets/image/items/Shimmering_Nectar.png\"]]], [4, [[25000, \"assets/image/items/Mora.png\"], [4, \"assets/image/items/Guide_to_Diligence.png\"], [4, \"assets/image/items/Shimmering_Nectar.png\"]]], [5, [[30000, \"assets/image/items/Mora.png\"], [6, \"assets/image/items/Guide_to_Diligence.png\"], [6, \"assets/image/items/Shimmering_Nectar.png\"]]], [6, [[37500, \"assets/image/items/Mora.png\"], [9, \"assets/image/items/Guide_to_Diligence.png\"], [9, \"assets/image/items/Shimmering_Nectar.png\"]]], [7, [[120000, \"assets/image/items/Mora.png\"], [4, \"assets/image/items/Philosophies_of_Diligence.png\"], [4, \"assets/image/items/Energy_Nectar.png\"], [1, \"assets/image/items/Shadow_of_the_Warrior.png\"]]], [8, [[250000, \"assets/image/items/Mora.png\"], [6, \"assets/image/items/Philosophies_of_Diligence.png\"], [6, \"assets/image/items/Energy_Nectar.png\"], [1, \"assets/image/items/Shadow_of_the_Warrior.png\"]]], [9, [[450000, \"assets/image/items/Mora.png\"], [12, \"assets/image/items/Philosophies_of_Diligence.png\"], [9, \"assets/image/items/Energy_Nectar.png\"], [2, \"assets/image/items/Shadow_of_the_Warrior.png\"]]], [10, [[700000, \"assets/image/items/Mora.png\"], [16, \"assets/image/items/Philosophies_of_Diligence.png\"], [12, \"assets/image/items/Energy_Nectar.png\"], [2, \"assets/image/items/Shadow_of_the_Warrior.png\"], [1, \"assets/image/items/Crown.png\"]]]]', '[[\"assets/image/characters/Ganyu/Constellation/constellation_1.png\", \"Жажда росы\", [[0, [\"Попадание стрелой-снежинкой с уровнем заряда 2 или её цветением понижает Крио сопротивление противников на 15% в течение 6 сек.;\", \"Также попадание восстанавливает 2 ед. энергии Гань Юй. Каждое попадание заряженной атакой с уровнем заряда 2 может восстановить энергию только один раз, вне зависимости от того, было ли это попадание стрелой-снежинкой или её цветением.\", \"\"]]]], [\"assets/image/characters/Ganyu/Constellation/constellation_2.png\", \"Благополучие\", [[0, [\"Увеличивает количество зарядов навыка След цилиня на 1.\", \"\"]]]], [\"assets/image/characters/Ganyu/Constellation/constellation_3.png\", \"Облачные странствия\", [[0, [\"Увеличивает уровень навыка Небесный дождь на 3.\", \"Макс. уровень: 15\", \"\"]]]], [\"assets/image/characters/Ganyu/Constellation/constellation_4.png\", \"Поход на Запад\", [[0, [\"Увеличивает урон, получаемый врагами, находящимися в области навыка Небесный дождь. Этот эффект усиливается со временем.\", \"Увеличение урона начинается с 5% и увеличивается на 5% каждые 3 сек., до макс. 25%.\", \"Эффект продолжается ещё 3 сек. после того, как враг покидает зону действия навыка.\", \"\"]]]], [\"assets/image/characters/Ganyu/Constellation/constellation_5.png\", \"Милосердие\", [[0, [\"Увеличивает уровень навыка След цилиня на 3.\", \"Макс. уровень: 15\", \"\"]]]], [\"assets/image/characters/Ganyu/Constellation/constellation_6.png\", \"Сострадание\", [[0, [\"Следующая стрела-снежинка в течение 30 сек. после активации навыка След цилиня не нуждается в зарядке.\", \"\"]]]]]'),
(4, 'Hutao', 'Ху Тао', 'pyro', 5, 'star_5', 'assets/image/weapons/spear.png', 'Ли Юэ', 'Хозяйка ритуального бюро «Ваншэн» в семьдесят седьмом поколении. Она унаследовала этот бизнес в достаточно юном возрасте.', '[\"assets/image/characters/Hutao/avatar.png\", \"assets/image/characters/Hutao/card.jpg\", \"assets/image/characters/Hutao/constellation.png\"]', 'skills-pyro', '[\"assets/image/characters/Hutao/Talents/Normal_Attack_Secret_Spear_of_Wangsheng.png\", \"assets/image/characters/Hutao/Talents/Guide_to_Afterlife.png\", \"assets/image/characters/Hutao/Talents/Spirit_Soother.png\", \"assets/image/characters/Hutao/Talents/const_talent_0.png\", \"assets/image/characters/Hutao/Talents/const_talent_1.png\", \"assets/image/characters/Hutao/Talents/const_talent_2.png\"]', '[[[\"Скрытое копьё «Ваншэн»\"], [[1, \"Обычная атака:\", [\"До шести ударов копьём.\"]], [1, \"Заряженная атака:\", [\"Выпад, наносящий урон противникам на пути, на который тратится определённое количество выносливости.\"]], [1, \"Атака в падении:\", [\"Стремительно падает на землю, атакуя всех врагов на пути. Приземлившись, наносит урон по площади.\"]]]], [[\"Путеводитель по загробной жизни\", \"элементальный навык\"], [[0, [\"Лишь непоколебимое пламя может очистить этот мир.\", \"Ху Тао потребляет определённое количество HP, откидывает окружающих её противников и входит в состояние Танец бабочки.\"]], [2, \"Танец бабочки:\", [\"Сила атаки Ху Тао в этом состоянии увеличивается в зависимости от её макс. HP. Полученный таким образом бонус силы атаки не может превышать 400% от базовой силы атаки Ху Тао.\", \"Конвертирует урон от атак в Пиро урон, этот эффект не может быть отменён какой-либо элементальной инфузией.\", \"Заряженные атаки накладывают на врагов эффект Кровавого цветка.\", \"Повышает сопротивление Ху Тао к прерыванию.\"]], [1, \"Кровавый цветок:\", [\"Противники с эффектом Кровавого цветка будут получать Пиро урон каждые 4 сек., который считается уроном элементального навыка.\", \"Каждый противник может иметь только один эффект Кровавого цветка, и его длительность может быть обновлена только самой Ху Тао.\"]], [0, [\"Танец бабочки заканчивается, если истёк срок действия, Ху Тао покинула поле боя или повержена.\"]]], \"Техника скрытого копья Ху Тао основывается на нескольких правилах, первое из которых гласит: «На тот свет дорогу открывает копьё, идут вслед за бабочками умерших души».\"], [[\"Упокоение духов\", \"взрыв стихии\"], [[0, [\"Приказывает пылающему духу атаковать, нанося Пиро урон по большой площади.\", \"При попадании по врагу восстанавливает некоторый процент макс. HP Ху Тао. Этот эффект может активироваться до 5 раз, в зависимости от количества задетых противников.\", \"Если HP Ху Тао равно или ниже 50% в момент попадания по противнику, наносимый урон и количество восстановленного HP увеличиваются.\"]]], \"Сверхъестественная активность тех, кто уже покинул этот мир, является источником больших переживаний в похоронном бюро «Ваншэн». В подобных случаях кремация всегда помогает Ху Тао обрести душевный покой. Чем больше она тревожится, тем сильнее пламя.\"], [[\"Порхай как бабочка\", \"пассивный талант\", \"разблокируется на 1 уровне возвышения\"], [[0, [\"После окончания состояния Танец бабочки навыка Путеводитель по загробной жизни шанс крит. попадания всех членов отряда (кроме самой Ху Тао) увеличивается на 12% в течение 8 сек.\"]]]], [[\"Кровавая сангина\", \"пассивный талант\", \"разблокируется на 4 уровне возвышения\"], [[0, [\"Увеличивает бонус Пиро урона Ху Тао на 33%, когда её HP меньше или равно 50%.\"]]]], [[\"Чем больше, тем лучше\", \"пассивный талант\", \"разблокируется автоматически\"], [[0, [\"При приготовлении идеального блюда имеет 18% шанс приготовить дополнительное «странное» блюдо того же типа.\"]]]]]', '[[20, [[20000, \"assets/image/items/Mora.png\"], [1, \"assets/image/items/Agnidus_Agate_Sliver.png\"], [3, \"assets/image/items/Silk_Flower.png\"], [3, \"assets/image/items/Whopperflower_Nectar.png\"]]], [40, [[40000, \"assets/image/items/Mora.png\"], [3, \"assets/image/items/Agnidus_Agate_Fragment.png\"], [2, \"assets/image/items/Juvenile_Jade.png\"], [10, \"assets/image/items/Silk_Flower.png\"], [15, \"assets/image/items/Whopperflower_Nectar.png\"]]], [50, [[60000, \"assets/image/items/Mora.png\"], [6, \"assets/image/items/Agnidus_Agate_Fragment.png\"], [4, \"assets/image/items/Juvenile_Jade.png\"], [20, \"assets/image/items/Silk_Flower.png\"], [12, \"assets/image/items/Shimmering_Nectar.png\"]]], [60, [[80000, \"assets/image/items/Mora.png\"], [3, \"assets/image/items/Agnidus_Agate_Chunk.png\"], [8, \"assets/image/items/Juvenile_Jade.png\"], [30, \"assets/image/items/Silk_Flower.png\"], [18, \"assets/image/items/Shimmering_Nectar.png\"]]], [70, [[100000, \"assets/image/items/Mora.png\"], [6, \"assets/image/items/Agnidus_Agate_Chunk.png\"], [12, \"assets/image/items/Juvenile_Jade.png\"], [45, \"assets/image/items/Silk_Flower.png\"], [12, \"assets/image/items/Energy_Nectar.png\"]]], [80, [[120000, \"assets/image/items/Mora.png\"], [6, \"assets/image/items/Agnidus_Agate_Gemstone.png\"], [20, \"assets/image/items/Juvenile_Jade.png\"], [60, \"assets/image/items/Silk_Flower.png\"], [24, \"assets/image/items/Energy_Nectar.png\"]]]]', '[[2, [[12500, \"assets/image/items/Mora.png\"], [3, \"assets/image/items/Teachings_of_Diligence.png\"], [6, \"assets/image/items/Whopperflower_Nectar.png\"]]], [3, [[17500, \"assets/image/items/Mora.png\"], [2, \"assets/image/items/Guide_to_Diligence.png\"], [3, \"assets/image/items/Shimmering_Nectar.png\"]]], [4, [[25000, \"assets/image/items/Mora.png\"], [4, \"assets/image/items/Guide_to_Diligence.png\"], [4, \"assets/image/items/Shimmering_Nectar.png\"]]], [5, [[30000, \"assets/image/items/Mora.png\"], [6, \"assets/image/items/Guide_to_Diligence.png\"], [6, \"assets/image/items/Shimmering_Nectar.png\"]]], [6, [[37500, \"assets/image/items/Mora.png\"], [9, \"assets/image/items/Guide_to_Diligence.png\"], [9, \"assets/image/items/Shimmering_Nectar.png\"]]], [7, [[120000, \"assets/image/items/Mora.png\"], [4, \"assets/image/items/Philosophies_of_Diligence.png\"], [4, \"assets/image/items/Energy_Nectar.png\"], [1, \"assets/image/items/Shard_of_a_Foul_Legacy.png\"]]], [8, [[250000, \"assets/image/items/Mora.png\"], [6, \"assets/image/items/Philosophies_of_Diligence.png\"], [6, \"assets/image/items/Energy_Nectar.png\"], [1, \"assets/image/items/Shard_of_a_Foul_Legacy.png\"]]], [9, [[450000, \"assets/image/items/Mora.png\"], [12, \"assets/image/items/Philosophies_of_Diligence.png\"], [9, \"assets/image/items/Energy_Nectar.png\"], [2, \"assets/image/items/Shard_of_a_Foul_Legacy.png\"]]], [10, [[700000, \"assets/image/items/Mora.png\"], [16, \"assets/image/items/Philosophies_of_Diligence.png\"], [12, \"assets/image/items/Energy_Nectar.png\"], [2, \"assets/image/items/Shard_of_a_Foul_Legacy.png\"], [1, \"assets/image/items/Crown.png\"]]]]', '[[\"assets/image/characters/Hutao/Constellation/constellation_1.png\", \"Алый букет\", [[0, [\"Заряженные атаки Ху Тао перестают потреблять выносливость в состоянии Танец бабочки навыка Путеводитель по загробной жизни.\"]]]], [\"assets/image/characters/Hutao/Constellation/constellation_2.png\", \"Зловещий дождь\", [[0, [\"Увеличивает урон Кровавого цветка на 10% от макс. HP Ху Тао на момент наложения эффекта. Упокоение духов также накладывает эффект Кровавого цветка.\"]]]], [\"assets/image/characters/Hutao/Constellation/constellation_3.png\", \"Плавный кармин\", [[0, [\"Увеличивает уровень навыка Путеводитель по загробной жизни на 3.\", \"Макс. уровень: 15\"]]]], [\"assets/image/characters/Hutao/Constellation/constellation_4.png\", \"Сады вечного покоя\", [[0, [\"После победы над противником, находящимся под эффектом Кровавого цветка, наложенным самой Ху Тао, шанс крит. попадания всех окружающих членов отряда (кроме самой Ху Тао) увеличивается на 12% в течение 15 сек.\"]]]], [\"assets/image/characters/Hutao/Constellation/constellation_5.png\", \"Цветочные благовония\", [[0, [\"Увеличивает уровень навыка Упокоение духов на 3.\", \"Макс. уровень: 15\"]]]], [\"assets/image/characters/Hutao/Constellation/constellation_6.png\", \"Объятья бабочки\", [[0, [\"Активируется, когда HP Ху Тао опускается ниже 25% или когда она получает летальный урон:\"]], [3, [\"Ху Тао не погибает от полученного урона. Напротив, на следующие 10 сек. все её элементальные сопротивления и физическое сопротивление повышаются на 200%, её шанс крит. попадания увеличивается на 100%, а также сильно повышается её сопротивление к прерыванию.\", \"Этот эффект активируется автоматически, когда у Ху Тао остаётся 1 HP.\", \"Может возникнуть раз в 60 сек.\"]]]]]'),
(5, 'Cyno', 'Сайно', 'electro', 5, 'star_5', 'assets/image/weapons/spear.png', 'Сумеру', 'Генерал махаматра, который осуществляет надзор над всеми учёными Академии. Говорят, в работе он по эффективности превосходит «Великую Ваювьястру» Кшахревара.', '[\"assets/image/characters/Cyno/avatar.png\", \"assets/image/characters/Cyno/card.jpg\", \"assets/image/characters/Cyno/constellation.png\"]', 'skills-electro', '[\"assets/image/characters/Cyno/Talents/Normal_Attack_Invoker`s_Spear.png\", \"assets/image/characters/Cyno/Talents/Secret_Rite_Chasmic_Soulfarer.png\", \"assets/image/characters/Cyno/Talents/Sacred_Rite_Wolf`s_Swiftness.png\", \"assets/image/characters/Cyno/Talents/const_talent_0.png\", \"assets/image/characters/Cyno/Talents/const_talent_1.png\", \"assets/image/characters/Cyno/Talents/const_talent_2.png\"]', '[[[\" Копьё призывателя\"], [[1, \"Обычная атака:\", [\"До четырёх ударов копьём.\"]], [1, \"Заряженная атака:\", [\"Выпад, наносящий урон противникам на пути, на который тратится определённое количество выносливости.\"]], [1, \"Атака в падении:\", [\"Стремительно падает на землю, атакуя всех врагов на пути. Приземлившись, наносит урон по площади.\", \"\"]]]], [[\"Тайный обряд: Переправляющий души\", \"элементальный навык\"], [[0, [\"Совершает выпад вперёд, нанося противникам на пути Электро урон.\"]], [0, [\"Если Сайно находится в состоянии Поклявшегося прокладывать путь, вызванном Священным обрядом: Проворство шакала взрыва стихий, Сайно активирует Ритуал погребения, который низвергает силу молний и наносит Электро урон по площади, а также продлевает действие Поклявшегося прокладывать путь.\", \"\"]]], \"«Решение принято, и тебе ни отвергнуть, ни принять его… Давно уж мы с тобой связаны этим долгом».\"], [[\"Священный обряд: Проворство шакала\", \"взрыв стихии\"], [[0, [\"Взывает к богам и принимает форму Поклявшегося прокладывать путь.\"]], [1, \"Поклявшийся прокладывать путь\", [\"Конвертирует урон от обычных атак, заряженных атак и атак в падении в Электро урон, который не может быть отменён другими инфузиями.\"]], [3, [\"Мастерство стихий и сопротивление прерыванию Сайно увеличиваются, и он получает иммунитет к урону от реакции Заряжен.\", \"Эффект длится максимум 18 сек. и исчезает, если Сайно покидает поле боя.\"]]], \"Тайные обряды древнего государства являются для генерала махаматры окончательным и бесповоротным решением. Ни прошлому с настоящим, ни бурям и гигантским змеям не под силу поколебать величие закона.\"], [[\"Суд пера\", \"пассивный талант\", \"разблокируется на 1 уровне возвышения\"], [[0, [\"Во время действия Поклявшегося прокладывать путь Священного обряда: Проворство шакала Сайно периодически входит в состояние Свидетеля истины. Активация Тайного обряда: Переправляющий души в этом состоянии вызовет эффект Вынесения приговора, который повышает урон текущего Тайного обряда: Переправляющий души на 35% и выпускает 3 Молнии бедствия, наносящие Электро урон размером 100% от силы атаки Сайно.\", \"Урон Молний бедствия считается уроном элементального навыка.\", \"\"]]]], [[\"Повелитель девяти луков\", \"пассивный талант\", \"разблокируется на 4 уровне возвышения\"], [[0, [\"Увеличивает следующие показатели урона Сайно в зависимости от его мастерства стихий:\"]], [3, [\"Урон обычной атаки в состоянии Поклявшегося прокладывать путь увеличивается на 150% от его мастерства стихий.\", \"Урон Молний бедствия пассивного таланта Суд пера увеличивается на 250% от его мастерства стихий.\"]]]], [[\"Милостивый дар молчания\", \"пассивный талант\", \"разблокируется автоматически\"], [[0, [\"На 25% увеличивает награду экспедиций в Сумеру длительностью 20 ч.\", \"\"]]]]]', '[[20, [[20000, \"assets/image/items/Mora.png\"], [1, \"assets/image/items/Vajrada_Amethyst_Sliver.png\"], [3, \"assets/image/items/Scarab.png\"], [3, \"assets/image/items/Divining_Scroll.png\"]]], [40, [[40000, \"assets/image/items/Mora.png\"], [3, \"assets/image/items/Vajrada_Amethyst_Fragment.png\"], [2, \"assets/image/items/Thunderclap_Fruitcore.png\"], [10, \"assets/image/items/Scarab.png\"], [15, \"assets/image/items/Divining_Scroll.png\"]]], [50, [[60000, \"assets/image/items/Mora.png\"], [6, \"assets/image/items/Vajrada_Amethyst_Fragment.png\"], [4, \"assets/image/items/Thunderclap_Fruitcore.png\"], [20, \"assets/image/items/Scarab.png\"], [12, \"assets/image/items/Sealed_Scroll.png\"]]], [60, [[80000, \"assets/image/items/Mora.png\"], [3, \"assets/image/items/Vajrada_Amethyst_Chunk.png\"], [8, \"assets/image/items/Thunderclap_Fruitcore.png\"], [30, \"assets/image/items/Scarab.png\"], [18, \"assets/image/items/Sealed_Scroll.png\"]]], [70, [[100000, \"assets/image/items/Mora.png\"], [6, \"assets/image/items/Vajrada_Amethyst_Chunk.png\"], [12, \"assets/image/items/Thunderclap_Fruitcore.png\"], [45, \"assets/image/items/Scarab.png\"], [12, \"assets/image/items/Forbidden_Curse_Scroll.png\"]]], [80, [[120000, \"assets/image/items/Mora.png\"], [6, \"assets/image/items/Vajrada_Amethyst_Gemstone.png\"], [20, \"assets/image/items/Thunderclap_Fruitcore.png\"], [60, \"assets/image/items/Scarab.png\"], [24, \"assets/image/items/Forbidden_Curse_Scroll.png\"]]]]', '[[2, [[12500, \"assets/image/items/Mora.png\"], [3, \"assets/image/items/Teachings_of_Admonition.png\"], [6, \"assets/image/items/Divining_Scroll.png\"]]], [3, [[17500, \"assets/image/items/Mora.png\"], [2, \"assets/image/items/Guide_to_Admonition.png\"], [3, \"assets/image/items/Sealed_Scroll.png\"]]], [4, [[25000, \"assets/image/items/Mora.png\"], [4, \"assets/image/items/Guide_to_Admonition.png\"], [4, \"assets/image/items/Sealed_Scroll.png\"]]], [5, [[30000, \"assets/image/items/Mora.png\"], [6, \"assets/image/items/Guide_to_Admonition.png\"], [6, \"assets/image/items/Sealed_Scroll.png\"]]], [6, [[37500, \"assets/image/items/Mora.png\"], [9, \"assets/image/items/Guide_to_Admonition.png\"], [9, \"assets/image/items/Sealed_Scroll.png\"]]], [7, [[120000, \"assets/image/items/Mora.png\"], [4, \"assets/image/items/Philosophies_of_Admonition.png\"], [4, \"assets/image/items/Forbidden_Curse_Scroll.png\"], [1, \"assets/image/items/Mudra_of_the_Malefic_General.png\"]]], [8, [[250000, \"assets/image/items/Mora.png\"], [6, \"assets/image/items/Philosophies_of_Admonition.png\"], [6, \"assets/image/items/Forbidden_Curse_Scroll.png\"], [1, \"assets/image/items/Mudra_of_the_Malefic_General.png\"]]], [9, [[450000, \"assets/image/items/Mora.png\"], [12, \"assets/image/items/Philosophies_of_Admonition.png\"], [9, \"assets/image/items/Forbidden_Curse_Scroll.png\"], [2, \"assets/image/items/Mudra_of_the_Malefic_General.png\"]]], [10, [[700000, \"assets/image/items/Mora.png\"], [16, \"assets/image/items/Philosophies_of_Admonition.png\"], [12, \"assets/image/items/Forbidden_Curse_Scroll.png\"], [2, \"assets/image/items/Mudra_of_the_Malefic_General.png\"], [1, \"assets/image/items/Crown.png\"]]]]', '[[\"assets/image/characters/Cyno/Constellation/constellation_1.png\", \"Завет: Беспрестанное бдение\", [[0, [\"После активации Священного обряда: Проворство шакала скорость обычной атаки Сайно повышается на 20% на 10 сек. Если во время действия Тайного обряда: Переправляющий души активировать Вынесение приговора пассивного таланта Суд пера, длительность этого эффекта обновится.\", \"Требуется разблокировать пассивный талант «Суд пера».\", \"\"]]]], [\"assets/image/characters/Cyno/Constellation/constellation_2.png\", \"Церемония: Проводы душ\", [[0, [\"Попадание Сайно по врагу обычной атакой увеличивает бонус Электро урона на 10% на 4 сек. Эффект может возникнуть не чаще 1 раза в 0,1 сек. и складывается до 5 раз.\", \"\"]]]], [\"assets/image/characters/Cyno/Constellation/constellation_3.png\", \"Указ: Исполнение наказания\", [[0, [\"Увеличивает уровень навыка Священный обряд: Проворство шакала на 3.\", \"Макс. уровень: 15\", \"\"]]]], [\"assets/image/characters/Cyno/Constellation/constellation_4.png\", \"Строгая мера: Страж запрета\", [[0, [\"Сайно, активируя реакции Заряжен, Сверхпроводник, Перегрузка, Стимуляция, Обострение, Вегетация или Электро Рассеивание во время действия Поклявшегося прокладывать путь Священного обряда: Проворство шакала, восстанавливает 3 ед. энергии всем членам отряда поблизости (кроме самого Сайно).\", \"Эффект активируется до 5 раз во время действия одного и того же Священного обряда: Проворство шакала.\", \"\"]]]], [\"assets/image/characters/Cyno/Constellation/constellation_5.png\", \"Погребение: Уходящий свет звёзд\", [[0, [\"Увеличивает уровень навыка Тайный обряд: Переправляющий души на 3.\", \"Макс. уровень: 15\", \"\"]]]], [\"assets/image/characters/Cyno/Constellation/constellation_6.png\", \"Церемония пера: Весы справедливости\", [[0, [\"Использование Священного обряда: Проворство шакала или активация Вынесения приговора пассивного навыка Суд пера наделяет Сайно 4 уровнями Жертвоприношения шакала. Попав обычной атакой, Сайно расходует 1 уровень Жертвоприношения шакала и выпускает одну Молнию бедствия.\", \"Жертвоприношение шакала длится 8 сек. и складывается до 8 раз. С завершением Поклявшегося прокладывать путь Священного обряда: Проворство шакала эффект полностью исчезает.\", \"Молнию бедствия таким образом можно выпустить не чаще одного раза в 0,4 сек.\", \"Требуется разблокировать пассивный талант «Суд пера».\", \"\"]]]]]');
INSERT INTO `characters` (`id`, `name_en`, `name_ru`, `element`, `rare`, `rare_character`, `weapon`, `region`, `description`, `gallery`, `skills_element`, `skills_icon`, `skills_info`, `item_character`, `item_skills`, `constellation`) VALUES
(6, 'Tartaglia', 'Тарталья', 'hydro', 5, 'star_5', 'assets/image/weapons/archery.png', 'Снежная', 'Номер одиннадцать из Предвестников Фатуи, искусный воин, также известный под именем Чайльд.', '[\"assets/image/characters/Tartaglia/avatar.png\", \"assets/image/characters/Tartaglia/card.png\", \"assets/image/characters/Tartaglia/constellation.png\"]', 'skills-hydro', '[\"assets/image/characters/Tartaglia/Talents/Normal_Attack_Cutting_Torrent.png\", \"assets/image/characters/Tartaglia/Talents/Foul_Legacy_Raging_Tide.png\", \"assets/image/characters/Tartaglia/Talents/Havoc_Obliteration.png\", \"assets/image/characters/Tartaglia/Talents/const_talent_0.png\", \"assets/image/characters/Tartaglia/Talents/const_talent_1.png\", \"assets/image/characters/Tartaglia/Talents/const_talent_2.png\"]', '[[[\"Дождь расставаний\"], [[0, []]]], [[\"Форма духа: Бушующие волны\", \"элементальный навык\"], [[0, []]]], [[\"Хаос: Опустошение\", \"взрыв стихии\"], [[0, []]]], [[\"Не кончается пытка\", \"пассивный талант\", \"разблокируется на 1 уровне возвышения\"], [[0, [\"Увеличивает длительность статуса Отлив на 8 сек.\", \"\"]]]], [[\"Водяной меч\", \"пассивный талант\", \"разблокируется на 4 уровне возвышения\"], [[0, [\"Находясь в рукопашной стойке навыка Форма духа: Бушующие волны и при крит. попадании обычной или заряженной атакой противник получает статус Отлив.\", \"\"]]]], [[\"Мастерское владение оружием\", \"пассивный талант\", \"разблокируется автоматически\"], [[0, [\"Увеличивает уровень обычной атаки персонажей вашего отряда на 1.\", \"\"]]]]]', '[[20, [[20000, \"assets/image/items/Mora.png\"], [1, \"assets/image/items/Varunada_Lazurite_Sliver.png\"], [3, \"assets/image/items/Starconch.png\"], [3, \"assets/image/items/Recruit%60s_Insignia.png\"]]], [40, [[40000, \"assets/image/items/Mora.png\"], [3, \"assets/image/items/Varunada_Lazurite_Fragment.png\"], [2, \"assets/image/items/Cleansing_Heart.png\"], [10, \"assets/image/items/Starconch.png\"], [15, \"assets/image/items/Recruit%60s_Insignia.png\"]]], [50, [[60000, \"assets/image/items/Mora.png\"], [6, \"assets/image/items/Varunada_Lazurite_Fragment.png\"], [4, \"assets/image/items/Cleansing_Heart.png\"], [20, \"assets/image/items/Starconch.png\"], [12, \"assets/image/items/Sergeant%60s_Insignia.png\"]]], [60, [[80000, \"assets/image/items/Mora.png\"], [3, \"assets/image/items/Varunada_Lazurite_Chunk.png\"], [8, \"assets/image/items/Cleansing_Heart.png\"], [30, \"assets/image/items/Starconch.png\"], [18, \"assets/image/items/Sergeant%60s_Insignia.png\"]]], [70, [[100000, \"assets/image/items/Mora.png\"], [6, \"assets/image/items/Varunada_Lazurite_Chunk.png\"], [12, \"assets/image/items/Cleansing_Heart.png\"], [45, \"assets/image/items/Starconch.png\"], [12, \"assets/image/items/Lieutenant%60s_Insignia.png\"]]], [80, [[120000, \"assets/image/items/Mora.png\"], [6, \"assets/image/items/Varunada_Lazurite_Gemstone.png\"], [20, \"assets/image/items/Cleansing_Heart.png\"], [60, \"assets/image/items/Starconch.png\"], [24, \"assets/image/items/Lieutenant%60s_Insignia.png\"]]]]', '[[2, [[12500, \"assets/image/items/Mora.png\"], [3, \"assets/image/items/Teachings_of_Freedom.png\"], [6, \"assets/image/items/Recruit%60s_Insignia.png\"]]], [3, [[17500, \"assets/image/items/Mora.png\"], [2, \"assets/image/items/Guide_to_Freedom.png\"], [3, \"assets/image/items/Sergeant%60s_Insignia.png\"]]], [4, [[25000, \"assets/image/items/Mora.png\"], [4, \"assets/image/items/Guide_to_Freedom.png\"], [4, \"assets/image/items/Sergeant%60s_Insignia.png\"]]], [5, [[30000, \"assets/image/items/Mora.png\"], [6, \"assets/image/items/Guide_to_Freedom.png\"], [6, \"assets/image/items/Sergeant%60s_Insignia.png\"]]], [6, [[37500, \"assets/image/items/Mora.png\"], [9, \"assets/image/items/Guide_to_Freedom.png\"], [9, \"assets/image/items/Sergeant%60s_Insignia.png\"]]], [7, [[120000, \"assets/image/items/Mora.png\"], [4, \"assets/image/items/Philosophies_of_Freedom.png\"], [4, \"assets/image/items/Lieutenant%60s_Insignia.png\"], [1, \"assets/image/items/Shard_of_a_Foul_Legacy.png\"]]], [8, [[250000, \"assets/image/items/Mora.png\"], [6, \"assets/image/items/Philosophies_of_Freedom.png\"], [6, \"assets/image/items/Lieutenant%60s_Insignia.png\"], [1, \"assets/image/items/Shard_of_a_Foul_Legacy.png\"]]], [9, [[450000, \"assets/image/items/Mora.png\"], [12, \"assets/image/items/Philosophies_of_Freedom.png\"], [9, \"assets/image/items/Lieutenant%60s_Insignia.png\"], [2, \"assets/image/items/Shard_of_a_Foul_Legacy.png\"]]], [10, [[700000, \"assets/image/items/Mora.png\"], [16, \"assets/image/items/Philosophies_of_Freedom.png\"], [12, \"assets/image/items/Lieutenant%60s_Insignia.png\"], [2, \"assets/image/items/Shard_of_a_Foul_Legacy.png\"], [1, \"assets/image/items/Crown.png\"]]]]', '[[\"assets/image/characters/Tartaglia/Constellation/constellation_1.png\", \"Форма духа: Останавливающий волну\", [[0, [\"Уменьшает время отката навыка Форма духа: Бушующие волны на 20%.\", \"\"]]]], [\"assets/image/characters/Tartaglia/Constellation/constellation_2.png\", \"Форма духа: Скрытое течение\", [[0, [\"Когда враги со статусом Отлив побеждены, Тарталья восстанавливает 4 ед. элементальной энергии.\", \"\"]]]], [\"assets/image/characters/Tartaglia/Constellation/constellation_3.png\", \"Хаос бездны: Источник беспорядков\", [[0, [\"Увеличивает уровень навыка Форма духа: Бушующие волны на 3.\", \"Макс. уровень: 15\", \"\"]]]], [\"assets/image/characters/Tartaglia/Constellation/constellation_4.png\", \"Хаос бездны: Гидро излив\", [[0, [\"Когда Тарталья находится в стойке Форма духа: Бушующие волны, враги со статусом Отлив получают урон от эффекта Отлив-удар каждые 4 сек. В противном случае срабатывает эффект Отлив-вспышка.\", \"На эффекты Отлив-удар и Отлив-вспышка, вызванные этим уровнем созвездия, не действуют их обычные ограничения длительности, также они не имеют никаких эффектов в этих временных промежутках.\", \"\"]]]], [\"assets/image/characters/Tartaglia/Constellation/constellation_5.png\", \" Хаос: Бесформенный клинок\", [[0, [\"Увеличивает уровень навыка Хаос: Опустошение на 3.\", \"Макс. уровень: 15\", \"\"]]]], [\"assets/image/characters/Tartaglia/Constellation/constellation_6.png\", \"Хаос: Охота на ангелов\", [[0, [\"При активации навыка Хаос: Опустошение обнуляется время отката навыка Форма духа: Бушующие волны.\", \"Этот эффект срабатывает, только когда Тарталья возвращается в дальнюю стойку.\", \"\"]]]]]'),
(7, 'Nahida', 'Нахида', 'dendro', 5, 'star_5', 'assets/image/weapons/catalyst.png', 'Сумеру', 'Узница глубин Храма Сурастаны, которая созерцает мир только в сновидениях. «Она чересчур внимательна и любвеобильна. В её поведении есть изъяны, но чувство божественной ответственности за Сумеру похвально. И для младшего из Архонтов это в порядке вещей, тогда как некоторые иные склонны впадать в истерику...» - верховный судья Фонтейна Навиллет', '[\"assets/image/characters/Nahida/avatar.png\", \"assets/image/characters/Nahida/card.jpg\", \"assets/image/characters/Nahida/constellation.png\"]', 'skills-dendro', '[\"assets/image/characters/Nahida/Talents/Normal_Attack_Akara.png\", \"assets/image/characters/Nahida/Talents/All_Schemes_to_Know.png\", \"assets/image/characters/Nahida/Talents/Illusory_Heart.png\", \"assets/image/characters/Nahida/Talents/const_talent_0.png\", \"assets/image/characters/Nahida/Talents/const_talent_1.png\", \"assets/image/characters/Nahida/Talents/const_talent_2.png\"]', '[[[\"Акара\"], [[1, \"Обычная атака:\", [\"До четырёх ударов перед собой, наносящих Дендро урон.\"]], [1, \"Заряженная атака:\", [\"После прочтения краткого заклинания, на которое тратится определённое количество выносливости, наносит Дендро урон по площади впереди.\"]], [1, \"Атака в падении:\", [\"Накопив энергию растений, стремительно падает на землю, атакуя всех врагов на пути. Приземлившись, наносит Дендро урон по площади.\", \"\"]]]], [[\"Пелена знаний\", \"элементальный навык\"], [[0, [\"Выпускает рядом с собой кармическую связь трав и деревьев, которая наносит Дендро урон по площади. До 8 поражённых противников получают Семя скандхи.При долгом нажатии способ активации навыка меняется.\", \"\"]], [1, \"Долгое нажатие\", [\"Переходит в режим прицеливания, в котором можно выбрать нескольких противников в определённой области. В режиме прицеливания сопротивление прерыванию Нахиды увеличивается. По завершении прицеливания выбранные враги получат Дендро урон и Семя скандхи.\", \"Режим прицеливания длится до 5 сек., в нём можно выбрать до 8 противников.\", \"\"]], [1, \"Семя скандхи\", [\"Между врагами с Семенем скандхи на определённом расстоянии устанавливается связь.\", \"Если помеченные Семенем скандхи враги подвергаются воздействию элементальных реакций или получают урон от Дендро ядер (включая урон от Цветения и Вегетации), Нахида выпускает Очищение трикармы, которое наносит им и всем связанным с ними врагам Дендро урон, зависящий от её силы атаки и мастерства стихий.\", \"Очищение трикармы может быть вызвано максимум один раз за определённый период.\"]]], \"Божество трав и деревьев являет истину пустоте, проливая свет на истоки и уничтожение трёх карм.\"], [[\"Призрачное сердце\", \"взрыв стихии\"], [[0, [\"Являет миру Чертоги сновидений и создаёт Святилище Майи.\"]], [0, [\"При этом, в зависимости от представленных в отряде элементов персонажей, отдельно друг от друга активируются соответствующие эффекты:\"]], [3, [\"Пиро: пока Нахида пребывает в Святилище Майи, урон Очищения трикармы её элементального навыка Пелена знаний увеличивается.\", \"Электро: пока Нахида пребывает в Святилище Майи, интервал активации Очищения трикармы её элементального навыка сокращается.\", \"Гидро: продлевает действие Святилища Майи.\"]], [0, [\"Если во время активации Святилища Майи в отряде 2 или больше персонажей соответствующего элемента, эффекты усилятся.\"]], [0, [\"Отряд получит усиление, пребывая в Святилище Майи, даже если Нахида не на поле боя.\"]]], \"Для божества мудрости мир в сени деревьев всего лишь скоротечный перевёрнутый сон.\"], [[\"Просветлённое сострадание\", \"пассивный талант\", \"разблокируется на 1 уровне возвышения\"], [[0, [\"При активации Призрачного сердца Святилище Майи получает следующие эффекты:\"]], [3, [\"Мастерство стихий активного персонажа в области навыка повышается на 25% от мастерства стихий персонажа отряда с самым высоким его значением.\", \"Мастерство стихий таким образом может быть увеличено максимум на 250 ед.\"]]]], [[\"Озарённое пробуждение\", \"пассивный талант\", \"разблокируется на 4 уровне возвышения\"], [[0, [\"За каждую единицу мастерства стихий Нахиды свыше 200 урон Очищения трикармы её Пелены знаний увеличивается на 0,1%, а шанс крит. попадания – на 0,03%.\", \"Урон Очищения трикармы может таким образом увеличиться на 80%, а шанс крит. попадания – на 24%.\", \"\"]]]], [[\"Осмысление всего сущего\", \"пассивный талант\", \"разблокируется автоматически\"], [[0, [\"С помощью Пелены знаний Нахида может взаимодействовать с подбираемыми предметами в определённой области.\", \"Возможно, у этого навыка есть и другие эффекты…\", \"\"]]]]]', '[[20, [[20000, \"assets/image/items/Mora.png\"], [1, \"assets/image/items/Nagadus_Emerald_Sliver.PNG\"], [3, \"assets/image/items/Kalpalata_Lotus.png\"], [3, \"assets/image/items/Fungal_Spores.png\"]]], [40, [[40000, \"assets/image/items/Mora.png\"], [3, \"assets/image/items/Nagadus_Emerald_Fragment.PNG\"], [2, \"assets/image/items/Quelled_Creeper.png\"], [10, \"assets/image/items/Kalpalata_Lotus.png\"], [15, \"assets/image/items/Fungal_Spores.png\"]]], [50, [[60000, \"assets/image/items/Mora.png\"], [6, \"assets/image/items/Nagadus_Emerald_Fragment.PNG\"], [4, \"assets/image/items/Quelled_Creeper.png\"], [20, \"assets/image/items/Kalpalata_Lotus.png\"], [12, \"assets/image/items/Luminescent_Pollen.png\"]]], [60, [[80000, \"assets/image/items/Mora.png\"], [3, \"assets/image/items/Nagadus_Emerald_Chunk.PNG\"], [8, \"assets/image/items/Quelled_Creeper.png\"], [30, \"assets/image/items/Kalpalata_Lotus.png\"], [18, \"assets/image/items/Luminescent_Pollen.png\"]]], [70, [[100000, \"assets/image/items/Mora.png\"], [6, \"assets/image/items/Nagadus_Emerald_Chunk.PNG\"], [12, \"assets/image/items/Quelled_Creeper.png\"], [45, \"assets/image/items/Kalpalata_Lotus.png\"], [12, \"assets/image/items/Crystalline_Cyst_Dust.png\"]]], [80, [[120000, \"assets/image/items/Mora.png\"], [6, \"assets/image/items/Nagadus_Emerald_Gemstone.PNG\"], [20, \"assets/image/items/Quelled_Creeper.png\"], [60, \"assets/image/items/Kalpalata_Lotus.png\"], [24, \"assets/image/items/Crystalline_Cyst_Dust.png\"]]]]', '[[2, [[12500, \"assets/image/items/Mora.png\"], [3, \"assets/image/items/Teachings_of_Ingenuity.png\"], [6, \"assets/image/items/Fungal_Spores.png\"]]], [3, [[17500, \"assets/image/items/Mora.png\"], [2, \"assets/image/items/Guide_to_Ingenuity.png\"], [3, \"assets/image/items/Luminescent_Pollen.png\"]]], [4, [[25000, \"assets/image/items/Mora.png\"], [4, \"assets/image/items/Guide_to_Ingenuity.png\"], [4, \"assets/image/items/Luminescent_Pollen.png\"]]], [5, [[30000, \"assets/image/items/Mora.png\"], [6, \"assets/image/items/Guide_to_Ingenuity.png\"], [6, \"assets/image/items/Luminescent_Pollen.png\"]]], [6, [[37500, \"assets/image/items/Mora.png\"], [9, \"assets/image/items/Guide_to_Ingenuity.png\"], [9, \"assets/image/items/Luminescent_Pollen.png\"]]], [7, [[120000, \"assets/image/items/Mora.png\"], [4, \"assets/image/items/Philosophies_of_Ingenuity.png\"], [4, \"assets/image/items/Crystalline_Cyst_Dust.png\"], [1, \"assets/image/items/Puppet_Strings.png\"]]], [8, [[250000, \"assets/image/items/Mora.png\"], [6, \"assets/image/items/Philosophies_of_Ingenuity.png\"], [6, \"assets/image/items/Crystalline_Cyst_Dust.png\"], [1, \"assets/image/items/Puppet_Strings.png\"]]], [9, [[450000, \"assets/image/items/Mora.png\"], [12, \"assets/image/items/Philosophies_of_Ingenuity.png\"], [9, \"assets/image/items/Crystalline_Cyst_Dust.png\"], [2, \"assets/image/items/Puppet_Strings.png\"]]], [10, [[700000, \"assets/image/items/Mora.png\"], [16, \"assets/image/items/Philosophies_of_Ingenuity.png\"], [12, \"assets/image/items/Crystalline_Cyst_Dust.png\"], [2, \"assets/image/items/Puppet_Strings.png\"], [1, \"assets/image/items/Crown.png\"]]]]', '[[\"assets/image/characters/Nahida/Constellation/constellation_1.png\", \"Семя потаённых знаний\", [[0, [\"Когда активируется Святилище Майи, при подсчёте типов элементов персонажей к количеству Пиро, Электро и Гидро персонажей прибавляет по 1.\", \"\"]]]], [\"assets/image/characters/Nahida/Constellation/constellation_2.png\", \"Корень всей полноты\", [[0, [\"Враги, на которых наложены Семена скандхи самой Нахиды, подвергаются воздействию следующих эффектов:\"]], [3, [\"Полученный урон от реакций Горение, Бутонизация, Вегетация и Цветение может становиться критическим. Шанс крит. попадания составляет 20%, а крит. урон – 100%.\", \"В течение 8 сек. после воздействия реакций Стимуляция, Обострение и Разрастание защита понижается на 30%.\"]]]], [\"assets/image/characters/Nahida/Constellation/constellation_3.png\", \"Росток перенятых успехов\", [[0, [\"Увеличивает уровень навыка Пелена знаний на 3.\", \"Макс. уровень: 15\", \"\"]]]], [\"assets/image/characters/Nahida/Constellation/constellation_4.png\", \"Стебель ясных заключений\", [[0, [\"Когда 1/2/3/4 и более противников попадают под воздействие Семян скандхи навыка Пелена знаний, мастерство стихий Нахиды увеличивается на 100/120/140/160 ед.\", \"\"]]]], [\"assets/image/characters/Nahida/Constellation/constellation_5.png\", \"Листья просветляющей речи\", [[0, [\"Увеличивает уровень навыка Призрачное сердце на 3.\", \"Макс. уровень: 15\", \"\"]]]], [\"assets/image/characters/Nahida/Constellation/constellation_6.png\", \"Плод апогея доводов\", [[0, [\"Если после активации Призрачного сердца Нахида поразит обычной или заряженной атакой врага, отмеченного Семенем скандхи навыка Пелена знаний, на него и всех связанных с ним противников будет наложено Очищение трикармы: Кармическое небытие, которое наносит Дендро урон равный 200% от силы атаки и 400% от мастерства стихий.\", \"Урон Очищения трикармы: Кармическое небытие считается уроном элементального навыка и может возникнуть один раз в 0,2 сек.\", \"Через 10 сек. либо после 6 активаций Очищения трикармы: Кармическое небытие эффект исчезнет.\", \"\"]]]]]'),
(8, 'Sucrose', 'Сахароза', 'anemo', 4, 'star_4', 'assets/image/weapons/catalyst.png', 'Мондштадт', 'Алхимик, преисполненная любопытством по отношению ко всему на свете. Она занимается исследованием биоалхимии.', '[\"assets/image/characters/Sucrose/avatar.png\", \"assets/image/characters/Sucrose/card.jpg\", \"assets/image/characters/Sucrose/constellation.png\"]', 'skills-anemo', '[\"assets/image/characters/Sucrose/Talents/Normal_Attack_Wind_Spirit_Creation.png\", \"assets/image/characters/Sucrose/Talents/Astable_Anemohypostasis_Creation_-_6308.png\", \"assets/image/characters/Sucrose/Talents/Forbidden_Creation_-_Isomer_75_Type_II.png\", \"assets/image/characters/Sucrose/Talents/const_talent_0.png\", \"assets/image/characters/Sucrose/Talents/const_talent_1.png\", \"assets/image/characters/Sucrose/Talents/const_talent_2.png\"]', '[[[\"Базовая эссенция ветра\"], [[1, \"Обычная атака:\", [\"До четырёх ударов эссенцией ветра, наносящих Анемо урон.\", \"\"]], [1, \"Заряженная атака:\", [\"Короткое заклинание, наносящее Анемо урон по площади, на которое тратится определённое количество выносливости.\", \"\"]], [1, \"Атака в падении:\", [\"Накопив энергию ветра, стремительно падает на землю, атакуя всех врагов на пути. Приземлившись, наносит Анемо урон по площади.\"]]]], [[\"Эксперимент №6308\", \"элементальный навык\"], [[0, [\"Создаёт маленького Воздушного духа, который притягивает к себе врагов и предметы, а затем подбрасывает врагов поблизости и наносит им Анемо урон.\", \"\"]]], \"Немного неловко говорить об этом, но хоть элементарные формы жизни, рождённые в результате этого эксперимента, и рассеиваются очень быстро, они невероятно полезны в приключениях. Даже неудачные эксперименты могут иметь практическое применение.\"], [[\"Запретно! Изомер 75 / Тип II\", \"взрыв стихии\"], [[0, [\"Сахароза бросает колбу с нестабильным реагентом, который создаёт большого Воздушного духа.\", \"Он непрерывно притягивает предметы и врагов поблизости, подбрасывает врагов в воздух, нанося им Анемо урон.\", \"\"]], [1, \"Поглощение стихии:\", [\"При контакте с элементами Гидро, Пиро, Крио или Электро большой Воздушный дух наносит дополнительный урон этим элементом.\", \"За каждое использование навык может поглотить только один элемент.\", \"\"]]], \"Сахароза давала имена каждому из своих нестабильных Анемо Гипостазисов, но их семейное древо выросло намного крупнее 893-х Баронов Зайчиков.\"], [[\"Замещение катализатора\", \"пассивный талант\", \"разблокируется на 1 уровне возвышения\"], [[0, [\"Вызванная Сахарозой реакция Рассеивание увеличивает мастерство соответствующего элемента остальных членов отряда (но не у Сахарозы) на 50 ед. в течение 8 сек.\", \"\"]]]], [[\"Сообразительный ветерок\", \"пассивный талант\", \"разблокируется на 4 уровне возвышения\"], [[0, [\"При попадании навыками «Эксперимент №6308» или «Запретно! Изомер 75 / Тип II» увеличивает мастерство стихий остальных членов отряда (но не у Сахарозы) на 20% от мастерства стихий Сахарозы в течение 8 сек.\"]]]], [[\"Нестабильное изобретение\", \"пассивный талант\", \"разблокируется автоматически\"], [[0, [\"При создании материалов улучшения персонажей и оружия имеет 10% шанс создать дополнительный предмет.\", \"\"]]]]]', '[[20, [[20000, \"assets/image/items/Mora.png\"], [1, \"assets/image/items/Vayuda_Turquoise_Sliver.png\"], [3, \"assets/image/items/Windwheel_Aster.png\"], [3, \"assets/image/items/Whopperflower_Nectar.png\"]]], [40, [[40000, \"assets/image/items/Mora.png\"], [3, \"assets/image/items/Vayuda_Turquoise_Fragment.png\"], [2, \"assets/image/items/Hurricane_Seed.png\"], [10, \"assets/image/items/Windwheel_Aster.png\"], [15, \"assets/image/items/Whopperflower_Nectar.png\"]]], [50, [[60000, \"assets/image/items/Mora.png\"], [6, \"assets/image/items/Vayuda_Turquoise_Fragment.png\"], [4, \"assets/image/items/Hurricane_Seed.png\"], [20, \"assets/image/items/Windwheel_Aster.png\"], [12, \"assets/image/items/Shimmering_Nectar.png\"]]], [60, [[80000, \"assets/image/items/Mora.png\"], [3, \"assets/image/items/Vayuda_Turquoise_Chunk.png\"], [8, \"assets/image/items/Hurricane_Seed.png\"], [30, \"assets/image/items/Windwheel_Aster.png\"], [18, \"assets/image/items/Shimmering_Nectar.png\"]]], [70, [[100000, \"assets/image/items/Mora.png\"], [6, \"assets/image/items/Vayuda_Turquoise_Chunk.png\"], [12, \"assets/image/items/Hurricane_Seed.png\"], [45, \"assets/image/items/Windwheel_Aster.png\"], [12, \"assets/image/items/Energy_Nectar.png\"]]], [80, [[120000, \"assets/image/items/Mora.png\"], [6, \"assets/image/items/Vayuda_Turquoise_Gemstone.png\"], [20, \"assets/image/items/Hurricane_Seed.png\"], [60, \"assets/image/items/Windwheel_Aster.png\"], [24, \"assets/image/items/Energy_Nectar.png\"]]]]', '[[2, [[12500, \"assets/image/items/Mora.png\"], [3, \"assets/image/items/Teachings_of_Freedom.png\"], [6, \"assets/image/items/Whopperflower_Nectar.png\"]]], [3, [[17500, \"assets/image/items/Mora.png\"], [2, \"assets/image/items/Guide_to_Freedom.png\"], [3, \"assets/image/items/Shimmering_Nectar.png\"]]], [4, [[25000, \"assets/image/items/Mora.png\"], [4, \"assets/image/items/Guide_to_Freedom.png\"], [4, \"assets/image/items/Shimmering_Nectar.png\"]]], [5, [[30000, \"assets/image/items/Mora.png\"], [6, \"assets/image/items/Guide_to_Freedom.png\"], [6, \"assets/image/items/Shimmering_Nectar.png\"]]], [6, [[37500, \"assets/image/items/Mora.png\"], [9, \"assets/image/items/Guide_to_Freedom.png\"], [9, \"assets/image/items/Shimmering_Nectar.png\"]]], [7, [[120000, \"assets/image/items/Mora.png\"], [4, \"assets/image/items/Philosophies_of_Freedom.png\"], [4, \"assets/image/items/Energy_Nectar.png\"], [1, \"assets/image/items/Spirit_Locket_of_Boreas.png\"]]], [8, [[250000, \"assets/image/items/Mora.png\"], [6, \"assets/image/items/Philosophies_of_Freedom.png\"], [6, \"assets/image/items/Energy_Nectar.png\"], [1, \"assets/image/items/Spirit_Locket_of_Boreas.png\"]]], [9, [[450000, \"assets/image/items/Mora.png\"], [12, \"assets/image/items/Philosophies_of_Freedom.png\"], [9, \"assets/image/items/Energy_Nectar.png\"], [2, \"assets/image/items/Spirit_Locket_of_Boreas.png\"]]], [10, [[700000, \"assets/image/items/Mora.png\"], [16, \"assets/image/items/Philosophies_of_Freedom.png\"], [12, \"assets/image/items/Energy_Nectar.png\"], [2, \"assets/image/items/Spirit_Locket_of_Boreas.png\"], [1, \"assets/image/items/Crown.png\"]]]]', '[[\"assets/image/characters/Sucrose/Constellation/constellation_1.png\", \"Кластерное вакуумное поле\", [[0, [\"Увеличивает количество зарядов навыка Эксперимент №6308 на 1.\", \"\"]]]], [\"assets/image/characters/Sucrose/Constellation/constellation_2.png\", \" Бет: Свободная форма\", [[0, [\"Увеличивает длительность навыка Запретно! Изомер 75 / Тип II на 2 сек.\", \"\"]]]], [\"assets/image/characters/Sucrose/Constellation/constellation_3.png\", \" Безупречный алхимик\", [[0, [\"Увеличивает уровень навыка Эксперимент №6308 на 3.\", \"Макс. уровень: 15\", \"\"]]]], [\"assets/image/characters/Sucrose/Constellation/constellation_4.png\", \"Мания алхимии\", [[0, [\"Сахароза уменьшает время отката навыка Эксперимент №6308 на 1-7 сек. за каждые 7 попаданий обычной или заряженной атакой по противникам.\", \"Одно попадание может засчитываться каждые 0,1 сек.\"]]]], [\"assets/image/characters/Sucrose/Constellation/constellation_5.png\", \"Внимание: обычная колба\", [[0, [\"Увеличивает уровень навыка Запретно! Изомер 75 / Тип II на 3.\", \"Макс. уровень: 15\"]]]], [\"assets/image/characters/Sucrose/Constellation/constellation_6.png\", \"Энтропия хаоса\", [[0, [\"Если навык Запретно! Изомер 75 / Тип II активировал поглощение стихий, все члены отряда получают 20% бонус урона соответствующего элемента на время действия навыка.\"]]]]]'),
(9, 'Razor', 'Рэйзор', 'electro', 4, 'star_4', 'assets/image/weapons/two-handed_sword.png', 'Мондштадт', 'Мальчик, живущий среди волков в Вольфендоме у Мондштадта, вдали от цивилизации. Ловок как молния.', '[\"assets/image/characters/Razor/avatar.png\", \"assets/image/characters/Razor/card.jpg\", \"assets/image/characters/Razor/constellation.png\"]', 'skills-electro', '[\"assets/image/characters/Razor/Talents/Normal_Attack_Steel_Fang.png\", \"assets/image/characters/Razor/Talents/Claw_and_Thunder.png\", \"assets/image/characters/Razor/Talents/Lightning_Fang.png\", \"assets/image/characters/Razor/Talents/const_talent_0.png\", \"assets/image/characters/Razor/Talents/const_talent_1.png\", \"assets/image/characters/Razor/Talents/const_talent_2.png\"]', '[[[\" Стальной клык\"], [[1, \"Обычная атака:\", [\"До четырёх рубящих ударов мечом.\"]], [1, \"Заряженная атака:\", [\"Вращающаяся атака по окружающим врагам, на которую непрерывно тратится выносливость.\", \"После вращения проводит дополнительную мощную атаку мечом.\"]], [1, \"Атака в падении:\", [\"Стремительно падает на землю, атакуя всех врагов на пути. Приземлившись, наносит урон по площади.\"]]]], [[\"Гром и когти\", \"элементальный навык\"], [[0, [\"Выслеживает жертву, используя приёмы и методы, которые он узнал от своего учителя и своей стаи.\"]], [1, \"Быстрое нажатие:\", [\"Удар когтями громового волка, наносящий Электро урон врагам впереди.\", \"При попадании Рэйзор получает символ Электро, который увеличивает скорость восстановления его энергии.\", \"Рэйзор может иметь до 3 символов Электро одновременно. Получение нового значка Электро обнуляет их длительность.\"]], [1, \"Долгое нажатие:\", [\"Собирает энергию Электро и на небольшой площади вызывает грозу, которая наносит огромный Электро урон, отнимая все накопленные символы Электро. Каждый отнятый символ конвертируется в энергию для Рэйзора.\"]]], \"Когда бьёт молния, глубоко в глазах Рэйзора вы можете увидеть, как хищник, живущий в нём, оценивает свою добычу.\"], [[\"Громовой клык\", \"взрыв стихии\"], [[0, [\"Пробуждает внутреннего волка, который наносит Электро урон всем окружающим врагам.\", \"Активация навыка отнимает все накопленные символы Электро, конвертируя их в энергию для Рэйзора.\", \"На время длительности навыка волк сражается вместе с Рэйзором.\"]], [2, \"Внутренний волк:\", [\"Атакует вместе с обычными атаками Рэйзора, нанося Электро урон;\", \"Увеличивает скорость атаки и Электро сопротивление Рэйзора;\", \"Даёт Рэйзору иммунитет от урона, вызванного статусом Заряжен;\", \"Заряженные атаки Рэйзора становятся недоступны;\", \"Повышает устойчивость к прерыванию атак Рэйзора.\"]], [0, [\"Эти эффекты заканчиваются, когда Рэйзор покидает бой.\", \"Когда Рэйзор покидает бой, оставшееся время длительности навыка возвращается к нему в виде энергии. Макс. 10 ед. энергии.\", \"\"]]], \"Волк пробудился. Охота продолжается.\"], [[\"Пробуждение\", \"пассивный талант\", \"разблокируется на 1 уровне возвышения\"], [[0, [\"Уменьшает время отката навыка Гром и когти на 18%, также использование навыка Громовой клык полностью сбрасывает его время отката.\", \"\"]]]], [[\"Голод\", \"пассивный талант\", \"разблокируется на 4 уровне возвышения\"], [[0, [\"Восстановление энергии Рэйзора увеличивается на 30%, когда количество его энергии опускается ниже 50%.\", \"\"]]]], [[\"Вольфенспринт\", \"пассивный талант\", \"разблокируется автоматически\"], [[0, [\"Уменьшает потребление выносливости активного персонажа во время спринта на 20%.\", \"Не суммируется с пассивными талантами, дающими точно такие же эффекты.\", \"\"]]]]]', '[[20, [[20000, \"assets/image/items/Mora.png\"], [1, \"assets/image/items/Vajrada_Amethyst_Sliver.png\"], [3, \"assets/image/items/Wolfhook.png\"], [3, \"assets/image/items/Damaged_Mask.png\"]]], [40, [[40000, \"assets/image/items/Mora.png\"], [3, \"assets/image/items/Vajrada_Amethyst_Fragment.png\"], [2, \"assets/image/items/Lightning_Prism.png\"], [10, \"assets/image/items/Wolfhook.png\"], [15, \"assets/image/items/Damaged_Mask.png\"]]], [50, [[60000, \"assets/image/items/Mora.png\"], [6, \"assets/image/items/Vajrada_Amethyst_Fragment.png\"], [4, \"assets/image/items/Lightning_Prism.png\"], [20, \"assets/image/items/Wolfhook.png\"], [12, \"assets/image/items/Stained_Mask.png\"]]], [60, [[80000, \"assets/image/items/Mora.png\"], [3, \"assets/image/items/Vajrada_Amethyst_Chunk.png\"], [8, \"assets/image/items/Lightning_Prism.png\"], [30, \"assets/image/items/Wolfhook.png\"], [18, \"assets/image/items/Stained_Mask.png\"]]], [70, [[100000, \"assets/image/items/Mora.png\"], [6, \"assets/image/items/Vajrada_Amethyst_Chunk.png\"], [12, \"assets/image/items/Lightning_Prism.png\"], [45, \"assets/image/items/Wolfhook.png\"], [12, \"assets/image/items/Ominous_Mask.png\"]]], [80, [[120000, \"assets/image/items/Mora.png\"], [6, \"assets/image/items/Vajrada_Amethyst_Gemstone.png\"], [20, \"assets/image/items/Lightning_Prism.png\"], [60, \"assets/image/items/Wolfhook.png\"], [24, \"assets/image/items/Ominous_Mask.png\"]]]]', '[[2, [[12500, \"assets/image/items/Mora.png\"], [3, \"assets/image/items/Teachings_of_Resistance.png\"], [6, \"assets/image/items/Damaged_Mask.png\"]]], [3, [[17500, \"assets/image/items/Mora.png\"], [2, \"assets/image/items/Guide_to_Resistance.png\"], [3, \"assets/image/items/Stained_Mask.png\"]]], [4, [[25000, \"assets/image/items/Mora.png\"], [4, \"assets/image/items/Guide_to_Resistance.png\"], [4, \"assets/image/items/Stained_Mask.png\"]]], [5, [[30000, \"assets/image/items/Mora.png\"], [6, \"assets/image/items/Guide_to_Resistance.png\"], [6, \"assets/image/items/Stained_Mask.png\"]]], [6, [[37500, \"assets/image/items/Mora.png\"], [9, \"assets/image/items/Guide_to_Resistance.png\"], [9, \"assets/image/items/Stained_Mask.png\"]]], [7, [[120000, \"assets/image/items/Mora.png\"], [4, \"assets/image/items/Philosophies_of_Resistance.png\"], [4, \"assets/image/items/Ominous_Mask.png\"], [1, \"assets/image/items/Dvalin%60s_Claw.png\"]]], [8, [[250000, \"assets/image/items/Mora.png\"], [6, \"assets/image/items/Philosophies_of_Resistance.png\"], [6, \"assets/image/items/Ominous_Mask.png\"], [1, \"assets/image/items/Dvalin%60s_Claw.png\"]]], [9, [[450000, \"assets/image/items/Mora.png\"], [12, \"assets/image/items/Philosophies_of_Resistance.png\"], [9, \"assets/image/items/Ominous_Mask.png\"], [2, \"assets/image/items/Dvalin%60s_Claw.png\"]]], [10, [[700000, \"assets/image/items/Mora.png\"], [16, \"assets/image/items/Philosophies_of_Resistance.png\"], [12, \"assets/image/items/Ominous_Mask.png\"], [2, \"assets/image/items/Dvalin%60s_Claw.png\"], [1, \"assets/image/items/Crown.png\"]]]]', '[[\"assets/image/characters/Razor/Constellation/constellation_1.png\", \"Волчья натура\", [[0, [\"Подобранные элементальные сферы или частицы увеличивают урон Рэйзора на 10% в течение 8 сек.\", \"\"]]]], [\"assets/image/characters/Razor/Constellation/constellation_2.png\", \"Подавление\", [[0, [\"Увеличивает шанс крит. попадания Рэйзора против врагов с HP ниже 30% на 10%.\", \"\"]]]], [\"assets/image/characters/Razor/Constellation/constellation_3.png\", \"Родственная душа\", [[0, [\"Увеличивает уровень навыка Громовой клык на 3.\", \"Макс. уровень: 15\", \"\"]]]], [\"assets/image/characters/Razor/Constellation/constellation_4.png\", \"Укус\", [[0, [\"При попадании быстрое нажатие навыка Гром и Когти понижает защиту противника на 15% в течение 7 сек.\"]]]], [\"assets/image/characters/Razor/Constellation/constellation_5.png\", \"Заточенные когти\", [[0, [\"Увеличивает уровень навыка Гром и когти на 3.\", \"Макс. уровень: 15\", \"\"]]]], [\"assets/image/characters/Razor/Constellation/constellation_6.png\", \"Звезда Сириус\", [[0, [\"Каждые 10 сек. меч Рэйзора заряжается молнией, которая высвобождается при следующей обычной атаке и наносит Электро урон, равный 100% от силы атаки Рэйзора.\", \"Если Рэйзор не находится под действием навыка Громовой клык, каждое попадание молнией по врагу даёт ему символ Электро навыка Гром и когти.\"]]]]]'),
(10, 'Bennett', 'Беннет', 'pyro', 4, 'star_4', 'assets/image/weapons/one-handed_sword.png', 'Мондштадт', 'Добросердечный и порядочный искатель приключений из Мондштадта, который, к несчастью, сказочно невезуч.', '[\"assets/image/characters/Bennett/avatar.png\", \"assets/image/characters/Bennett/card.jpg\", \"assets/image/characters/Bennett/constellation.png\"]', 'skills-pyro', '[\"assets/image/characters/Bennett/Talents/Normal_Attack_Strike_of_Fortune.png\", \"assets/image/characters/Bennett/Talents/Passion_Overload.png\", \"assets/image/characters/Bennett/Talents/Fantastic_Voyage.png\", \"assets/image/characters/Bennett/Talents/const_talent_0.png\", \"assets/image/characters/Bennett/Talents/const_talent_1.png\", \"assets/image/characters/Bennett/Talents/const_talent_2.png\"]', '[[[\"Счастливый меч\"], [[1, \"Обычная атака:\", [\"До пяти быстрых ударов мечом.\"]], [1, \"Заряженная атака:\", [\"Два быстрых взмаха мечом, для которых тратится определённое количество выносливости.\"]], [1, \"Атака в падении:\", [\"Стремительно падает на землю, атакуя всех врагов на пути. Приземлившись, наносит урон по площади.\"]]]], [[\"Чрезмерные стремления\", \"элементальный навык\"], [[0, [\"Беннет концентрирует на своём клинке весь свой пыл и страсть к приключениям. Результат зависит от уровня его пылающей страсти...\", \"\"]], [1, \"Быстрое нажатие:\", [\"Быстрый взмах пылающим мечом, наносящий Пиро урон.\", \"\"]], [1, \"Долгое нажатие:\", [\"Эффект зависит от уровня заряда навыка.\", \"\"]], [3, [\"Уровень заряда 1: Совершает два удара пылающим мечом, которые наносят Пиро урон и подбрасывают врагов в воздух;\", \"Уровень заряда 2: Совершает три удара пылающим мечом, которые наносят внушительный Пиро урон. Последний удар создаёт взрыв, который одновременно подбрасывает в воздух врагов и самого Беннета.\"]], [0, [\"Беннет не получает урон от взрыва.\", \"\"]]], \"Страсть и мечты Беннета смешиваются с огненной стихией. Но иногда страсти слишком много, а огонь слишком горяч.\"], [[\"Волнительное приключение\", \"взрыв стихии\"], [[0, [\"Беннет проводит атаку в прыжке, которая наносит Пиро урон и создаёт Круг вдохновения.\", \"\"]], [2, \"Круг вдохновения:\", [\"Восстанавливает персонажам в области, HP которых равно или ниже 70%, определённое количество HP, которое зависит от макс. HP Беннета;\", \"Если HP персонажа в области выше 70%, то он получает бонус атаки, который зависит от базовой атаки Беннета;\", \"Накладывает на персонажей в области эффект Пиро.\"]]], \"Искать приключения с Беннетом - весьма опасное занятие, хоть Беннет и любит называть это «приключением, полным красот и волнительных сюрпризов».\"], [[\"Вспышка страсти\", \"пассивный талант\", \"разблокируется на 1 уровне возвышения\"], [[0, [\"Уменьшает время отката навыка Чрезмерные стремления на 20%.\"]]]], [[\"Храбрая кровь\", \"пассивный талант\", \"разблокируется на 4 уровне возвышения\"], [[0, [\"Находясь в области навыка Волнительное приключение, навык Чрезмерные стремления получает следующие свойства:\", \"\"]], [3, [\"Уменьшается время отката навыка на 50%;\", \"Уровень заряда 2 не подбрасывает Беннета в воздух.\"]]]], [[\"Ступайте осторожно\", \"пассивный талант\", \"разблокируется автоматически\"], [[0, [\"Уменьшает длительность экспедиций в Мондштадте на 25%.\"]]]]]', '[[20, [[20000, \"assets/image/items/Mora.png\"], [1, \"assets/image/items/Agnidus_Agate_Sliver.png\"], [3, \"assets/image/items/Windwheel_Aster.png\"], [3, \"assets/image/items/Treasure_Hoarder_Insignia.png\"]]], [40, [[40000, \"assets/image/items/Mora.png\"], [3, \"assets/image/items/Agnidus_Agate_Fragment.png\"], [2, \"assets/image/items/Everflame_Seed.png\"], [10, \"assets/image/items/Windwheel_Aster.png\"], [15, \"assets/image/items/Treasure_Hoarder_Insignia.png\"]]], [50, [[60000, \"assets/image/items/Mora.png\"], [6, \"assets/image/items/Agnidus_Agate_Fragment.png\"], [4, \"assets/image/items/Everflame_Seed.png\"], [20, \"assets/image/items/Windwheel_Aster.png\"], [12, \"assets/image/items/Silver_Raven_Insignia.png\"]]], [60, [[80000, \"assets/image/items/Mora.png\"], [3, \"assets/image/items/Agnidus_Agate_Chunk.png\"], [8, \"assets/image/items/Everflame_Seed.png\"], [30, \"assets/image/items/Windwheel_Aster.png\"], [18, \"assets/image/items/Silver_Raven_Insignia.png\"]]], [70, [[100000, \"assets/image/items/Mora.png\"], [6, \"assets/image/items/Agnidus_Agate_Chunk.png\"], [12, \"assets/image/items/Everflame_Seed.png\"], [45, \"assets/image/items/Windwheel_Aster.png\"], [12, \"assets/image/items/Golden_Raven_Insignia.png\"]]], [80, [[120000, \"assets/image/items/Mora.png\"], [6, \"assets/image/items/Agnidus_Agate_Gemstone.png\"], [20, \"assets/image/items/Everflame_Seed.png\"], [60, \"assets/image/items/Windwheel_Aster.png\"], [24, \"assets/image/items/Golden_Raven_Insignia.png\"]]]]', '[[2, [[12500, \"assets/image/items/Mora.png\"], [3, \"assets/image/items/Teachings_of_Resistance.png\"], [6, \"assets/image/items/Treasure_Hoarder_Insignia.png\"]]], [3, [[17500, \"assets/image/items/Mora.png\"], [2, \"assets/image/items/Guide_to_Resistance.png\"], [3, \"assets/image/items/Silver_Raven_Insignia.png\"]]], [4, [[25000, \"assets/image/items/Mora.png\"], [4, \"assets/image/items/Guide_to_Resistance.png\"], [4, \"assets/image/items/Silver_Raven_Insignia.png\"]]], [5, [[30000, \"assets/image/items/Mora.png\"], [6, \"assets/image/items/Guide_to_Resistance.png\"], [6, \"assets/image/items/Silver_Raven_Insignia.png\"]]], [6, [[37500, \"assets/image/items/Mora.png\"], [9, \"assets/image/items/Guide_to_Resistance.png\"], [9, \"assets/image/items/Silver_Raven_Insignia.png\"]]], [7, [[120000, \"assets/image/items/Mora.png\"], [4, \"assets/image/items/Philosophies_of_Resistance.png\"], [4, \"assets/image/items/Golden_Raven_Insignia.png\"], [1, \"assets/image/items/Dvalin%60s_Plume.png\"]]], [8, [[250000, \"assets/image/items/Mora.png\"], [6, \"assets/image/items/Philosophies_of_Resistance.png\"], [6, \"assets/image/items/Golden_Raven_Insignia.png\"], [1, \"assets/image/items/Dvalin%60s_Plume.png\"]]], [9, [[450000, \"assets/image/items/Mora.png\"], [12, \"assets/image/items/Philosophies_of_Resistance.png\"], [9, \"assets/image/items/Golden_Raven_Insignia.png\"], [2, \"assets/image/items/Dvalin%60s_Plume.png\"]]], [10, [[700000, \"assets/image/items/Mora.png\"], [16, \"assets/image/items/Philosophies_of_Resistance.png\"], [12, \"assets/image/items/Golden_Raven_Insignia.png\"], [2, \"assets/image/items/Dvalin%60s_Plume.png\"], [1, \"assets/image/items/Crown.png\"]]]]', '[[\"assets/image/characters/Bennett/Constellation/constellation_1.png\", \"Мечты о приключениях\", [[0, [\"Увеличение силы атаки навыка Волнительное приключение больше не имеет ограничений по HP, также навык получает дополнительные 20% базовой атаки Беннета.\"]]]], [\"assets/image/characters/Bennett/Constellation/constellation_2.png\", \"Тупиковая ситуация\", [[0, [\"Увеличивает восстановление энергии Беннета на 30%, когда его HP падает ниже 70%.\", \"\"]]]], [\"assets/image/characters/Bennett/Constellation/constellation_3.png\", \" Горячая страсть\", [[0, [\"Увеличивает уровень навыка Чрезмерные стремления на 3.\", \"Макс. уровень: 15\", \"\"]]]], [\"assets/image/characters/Bennett/Constellation/constellation_4.png\", \"Несгораемая решительность\", [[0, [\"Использование обычной атаки во время второго удара уровня заряда 1 навыка Чрезмерные стремления позволяет совершить дополнительную атаку.\", \"Эта атака наносит урон, равный 135% урона второго удара.\", \"\"]]]], [\"assets/image/characters/Bennett/Constellation/constellation_5.png\", \" Душа первооткрывателя\", [[0, [\"Увеличивает уровень навыка Волнительное приключение на 3.\", \"Макс. уровень: 15\", \"\"]]]], [\"assets/image/characters/Bennett/Constellation/constellation_6.png\", \" Пылкая храбрость\", [[0, [\"Активные члены отряда в области навыка Волнительное приключение, экипированные одноручным мечом, двуручным мечом или древковым оружием, получают 15% бонус Пиро урона, а их оружие наделяется инфузией Пиро.\", \"\"]]]]]');
INSERT INTO `characters` (`id`, `name_en`, `name_ru`, `element`, `rare`, `rare_character`, `weapon`, `region`, `description`, `gallery`, `skills_element`, `skills_icon`, `skills_info`, `item_character`, `item_skills`, `constellation`) VALUES
(11, 'Noelle', 'Ноэлль', 'geo', 4, 'star_4', 'assets/image/weapons/two-handed_sword.png', 'Мондштадт', 'Горничная Ордо Фавониус, которая страстно мечтает однажды пополнить ряды ордена.', '[\"assets/image/characters/Noelle/avatar.png\", \"assets/image/characters/Noelle/card.jpg\", \"assets/image/characters/Noelle/constellation.png\"]', 'skills-geo', '[\"assets/image/characters/Noelle/Talents/Normal_Attack_Favonius_Bladework_-_Maid.png\", \"assets/image/characters/Noelle/Talents/Breastplate.png\", \"assets/image/characters/Noelle/Talents/Sweeping_Time.png\", \"assets/image/characters/Noelle/Talents/const_talent_0.png\", \"assets/image/characters/Noelle/Talents/const_talent_1.png\", \"assets/image/characters/Noelle/Talents/const_talent_2.png\"]', '[[[\"Фехтовальный стиль Фавония: Горничная\"], [[1, \"Обычная атака:\", [\"До четырёх рубящих ударов мечом.\"]], [1, \"Заряженная атака:\", [\"Вращающаяся атака по окружающим врагам, на которую непрерывно тратится выносливость.\", \"После вращения проводит дополнительную мощную атаку мечом.\"]], [1, \"Атака в падении:\", [\"Стремительно падает на землю, атакуя всех врагов на пути. Приземлившись, наносит урон по площади.\", \"\"]]]], [[\"Бронефартук\", \"элементальный навык\"], [[0, [\"Навык призывает каменную броню, которая наносит Гео урон окружающим врагам и создаёт щит. Поглощаемый урон зависит от защиты Ноэлль.\", \"Щит имеет следующие свойства:\"]], [3, [\"Попадания обычной и заряженной атакой Ноэлль имеют шанс восстановить HP всем членам отряда.\", \"Любой элементальный и физический урон поглощается на 150% эффективнее.\", \"Количество восстанавливаемого HP зависит от защиты Ноэлль.\"]]], \"Ноэлль не только послушная горничная, но также и доблестный рыцарь.\"], [[\"Генеральная уборка\", \"взрыв стихии\"], [[0, [\"Ноэлль собирает силу камня вокруг своего меча и проводит атаку по врагам в большом радиусе, нанося им Гео урон.\", \"После этого Ноэлль получает следующие эффекты:\"]], [3, [\"Увеличивается радиус атак.\", \"Конвертирует урон от атак в Гео урон, этот эффект не может быть отменён какой-либо элементальной инфузией.\", \"Сила атаки увеличивается пропорционально защите Ноэлль.\"]]], \"Бывают такие ситуации, когда метлы может оказаться недостаточно...\"], [[\" От всего сердца\", \"пассивный талант\", \"разблокируется на 1 уровне возвышения\"], [[0, [\"Будучи в отряде, но не активным персонажем, Ноэлль активирует этот навык, когда HP активного персонажа падает ниже 30%:\"]], [3, [\"Создаёт щит для вашего персонажа, который длится 20 сек. и поглощает урон, равный 400% от защиты Ноэлль.\", \"Весь элементальный и физический урон поглощается на 150% эффективнее.\", \"Может возникнуть раз в 60 сек.\"]]]], [[\"Вот и чистенько\", \"пассивный талант\", \"разблокируется на 4 уровне возвышения\"], [[0, [\"Каждые 4 попадания обычными или заряженными атаками Ноэлль уменьшают время отката навыка Бронефартук на 1 сек.\", \"Одно попадание может засчитываться каждые 0,1 сек.\", \"\"]]]], [[\"Забота горничной\", \"пассивный талант\", \"разблокируется автоматически\"], [[0, [\"При приготовлении идеального блюда, повышающего защиту, имеет 12% шанс приготовить дополнительное блюдо.\", \"\"]]]]]', '[[20, [[20000, \"assets/image/items/Mora.png\"], [1, \"assets/image/items/Prithiva_Topaz_Sliver.png\"], [3, \"assets/image/items/Valberry.png\"], [3, \"assets/image/items/Damaged_Mask.png\"]]], [40, [[40000, \"assets/image/items/Mora.png\"], [3, \"assets/image/items/Prithiva_Topaz_Fragment.png\"], [2, \"assets/image/items/Basalt_Pillar.png\"], [10, \"assets/image/items/Valberry.png\"], [15, \"assets/image/items/Damaged_Mask.png\"]]], [50, [[60000, \"assets/image/items/Mora.png\"], [6, \"assets/image/items/Prithiva_Topaz_Fragment.png\"], [4, \"assets/image/items/Basalt_Pillar.png\"], [20, \"assets/image/items/Valberry.png\"], [12, \"assets/image/items/Stained_Mask.png\"]]], [60, [[80000, \"assets/image/items/Mora.png\"], [3, \"assets/image/items/Prithiva_Topaz_Chunk.png\"], [8, \"assets/image/items/Basalt_Pillar.png\"], [30, \"assets/image/items/Valberry.png\"], [18, \"assets/image/items/Stained_Mask.png\"]]], [70, [[100000, \"assets/image/items/Mora.png\"], [6, \"assets/image/items/Prithiva_Topaz_Chunk.png\"], [12, \"assets/image/items/Basalt_Pillar.png\"], [45, \"assets/image/items/Valberry.png\"], [12, \"assets/image/items/Ominous_Mask.png\"]]], [80, [[120000, \"assets/image/items/Mora.png\"], [6, \"assets/image/items/Prithiva_Topaz_Gemstone.png\"], [20, \"assets/image/items/Basalt_Pillar.png\"], [60, \"assets/image/items/Valberry.png\"], [24, \"assets/image/items/Ominous_Mask.png\"]]]]', '[[2, [[12500, \"assets/image/items/Mora.png\"], [3, \"assets/image/items/Teachings_of_Resistance.png\"], [6, \"assets/image/items/Damaged_Mask.png\"]]], [3, [[17500, \"assets/image/items/Mora.png\"], [2, \"assets/image/items/Guide_to_Resistance.png\"], [3, \"assets/image/items/Stained_Mask.png\"]]], [4, [[25000, \"assets/image/items/Mora.png\"], [4, \"assets/image/items/Guide_to_Resistance.png\"], [4, \"assets/image/items/Stained_Mask.png\"]]], [5, [[30000, \"assets/image/items/Mora.png\"], [6, \"assets/image/items/Guide_to_Resistance.png\"], [6, \"assets/image/items/Stained_Mask.png\"]]], [6, [[37500, \"assets/image/items/Mora.png\"], [9, \"assets/image/items/Guide_to_Resistance.png\"], [9, \"assets/image/items/Stained_Mask.png\"]]], [7, [[120000, \"assets/image/items/Mora.png\"], [4, \"assets/image/items/Philosophies_of_Resistance.png\"], [4, \"assets/image/items/Ominous_Mask.png\"], [1, \"assets/image/items/Dvalin%60s_Claw.png\"]]], [8, [[250000, \"assets/image/items/Mora.png\"], [6, \"assets/image/items/Philosophies_of_Resistance.png\"], [6, \"assets/image/items/Ominous_Mask.png\"], [1, \"assets/image/items/Dvalin%60s_Claw.png\"]]], [9, [[450000, \"assets/image/items/Mora.png\"], [12, \"assets/image/items/Philosophies_of_Resistance.png\"], [9, \"assets/image/items/Ominous_Mask.png\"], [2, \"assets/image/items/Dvalin%60s_Claw.png\"]]], [10, [[700000, \"assets/image/items/Mora.png\"], [16, \"assets/image/items/Philosophies_of_Resistance.png\"], [12, \"assets/image/items/Ominous_Mask.png\"], [2, \"assets/image/items/Dvalin%60s_Claw.png\"], [1, \"assets/image/items/Crown.png\"]]]]', '[[\"assets/image/characters/Noelle/Constellation/constellation_1.png\", \"Я прикрою!\", [[0, [\"Одновременное использование навыков Генеральная уборка и Бронефартук повышает шанс активации лечащей способности навыка Бронефартук на 100%.\", \"\"]]]], [\"assets/image/characters/Noelle/Constellation/constellation_2.png\", \"Горничная на ветру\", [[0, [\"Уменьшает потребление выносливости заряженной атаки Ноэлль на 20%, а также увеличивает урон на 15%.\", \"\"]]]], [\"assets/image/characters/Noelle/Constellation/constellation_3.png\", \"Неуязвимая горничная\", [[0, [\"Увеличивает уровень навыка Бронефартук на 3.\", \"Макс. уровень: 15\", \"\"]]]], [\"assets/image/characters/Noelle/Constellation/constellation_4.png\", \"Всё будет чисто\", [[0, [\"Если оканчивается действие щита навыка Бронефартук или щит оказывается разрушен, то окружающим врагам наносится Гео урон, равный 400% от силы атаки.\", \"\"]]]], [\"assets/image/characters/Noelle/Constellation/constellation_5.png\", \"Рыцарь метлы и щётки\", [[0, [\"Увеличивает уровень навыка Генеральная уборка на 3.\", \"Макс. уровень: 15\", \"\"]]]], [\"assets/image/characters/Noelle/Constellation/constellation_6.png\", \"Пятновыводитель\", [[0, [\"Навык Генеральная уборка увеличивает силу атаки на дополнительные 50% от защиты Ноэлль.\", \"Также каждый побеждённый враг добавляет 1 сек. к длительности навыка, пока он активен. Макс. 10 сек.\", \"\"]]]]]'),
(12, 'Rosaria', 'Розария', 'cryo', 4, 'star_4', 'assets/image/weapons/spear.png', 'Мондштадт', 'Кроме её одеяния ничто не напоминает о её принадлежности церкви. Известна своими холодными речами и резкими поступками. Всегда действует одна.', '[\"assets/image/characters/Rosaria/avatar.png\", \"assets/image/characters/Rosaria/card.png\", \"assets/image/characters/Rosaria/constellation.png\"]', 'skills-cryo', '[\"assets/image/characters/Rosaria/Talents/Normal_Attack_Spear_of_the_Church.png\", \"assets/image/characters/Rosaria/Talents/Ravaging_Confession.png\", \"assets/image/characters/Rosaria/Talents/Rites_of_Termination.png\", \"assets/image/characters/Rosaria/Talents/const_talent_0.png\", \"assets/image/characters/Rosaria/Talents/const_talent_1.png\", \"assets/image/characters/Rosaria/Talents/const_talent_2.png\"]', '[[[\"Копьё церкви\"], [[1, \"Обычная атака:\", [\"До пяти ударов копьём.\", \"\"]], [1, \"Заряженная атака:\", [\"Выпад, наносящий урон противникам на пути, на который тратится определённое количество выносливости.\", \"\"]], [1, \"Атака в падении:\", [\"Стремительно падает на землю, атакуя всех врагов на пути. Приземлившись, наносит урон по площади.\", \"\"]]]], [[\"Казнящая исповедь\", \"элементальный навык\"], [[0, [\"Розария стремительно передвигается за противника и пронзает его своим копьём, нанося Крио урон.\", \"Эта способность не позволяет переместиться за противников крупного телосложения.\", \"\"]]], \"Исповедующиеся сестре Розарии не получат отпущения грехов. Любой грех, малый и тяжкий, встретит свою холодную кару.\"], [[\"Обряд кончины\", \"взрыв стихии\"], [[0, [\"Авторская молитва Розарии. После кругового взмаха своим оружием она вонзает Ледяное копьё в землю. Обе этих атаки наносят Крио урон.\", \"Пока активно, Ледяное копьё периодически выпускает холодный воздух, который наносит Крио урон окружающим врагам.\", \"\"]]], \"Суждение так утомляет. Предлагаю пропустить его и перейти непосредственно к заключительному обряду. Мне провести этот обряд необычайно легко, потому что я не верю в Анемо Архонта.\"], [[\"Покаяние призрака\", \"пассивный талант\", \"разблокируется на 1 уровне возвышения\"], [[0, [\"Атаки со спины навыка Казнящая исповедь увеличивают шанс крит. попадания Розарии на 12% в течение 5 сек.\", \"\"]]]], [[\"Поддерживающая тьма\", \"пассивный талант\", \"разблокируется на 4 уровне возвышения\"], [[0, [\"Активация навыка Обряд кончины увеличивает шанс крит. попадания всех членов отряда (кроме самой Розарии) на 15% от шанса крит. попадания Розарии в течение 10 сек.\", \"Добавленный таким образом шанс крит. попадания не может превышать 15%.\"]]]], [[\"Путь в ночи\", \"пассивный талант\", \"разблокируется автоматически\"], [[0, [\"Увеличивает скорость передвижения персонажей отряда в ночное время (18:00-06:00) на 10%.\", \"В подземельях, Витой Бездне и Подземельях наказания навык не действует и со схожими пассивными талантами не суммируется.\", \"\"]]]]]', '[[20, [[20000, \"assets/image/items/Mora.png\"], [1, \"assets/image/items/Shivada_Jade_Sliver.png\"], [3, \"assets/image/items/Valberry.png\"], [3, \"assets/image/items/Recruit%60s_Insignia.png\"]]], [40, [[40000, \"assets/image/items/Mora.png\"], [3, \"assets/image/items/Shivada_Jade_Fragment.png\"], [2, \"assets/image/items/Hoarfrost_Core.png\"], [10, \"assets/image/items/Valberry.png\"], [15, \"assets/image/items/Recruit%60s_Insignia.png\"]]], [50, [[60000, \"assets/image/items/Mora.png\"], [6, \"assets/image/items/Shivada_Jade_Fragment.png\"], [4, \"assets/image/items/Hoarfrost_Core.png\"], [20, \"assets/image/items/Valberry.png\"], [12, \"assets/image/items/Sergeant%60s_Insignia.png\"]]], [60, [[80000, \"assets/image/items/Mora.png\"], [3, \"assets/image/items/Shivada_Jade_Chunk.png\"], [8, \"assets/image/items/Hoarfrost_Core.png\"], [30, \"assets/image/items/Valberry.png\"], [18, \"assets/image/items/Sergeant%60s_Insignia.png\"]]], [70, [[100000, \"assets/image/items/Mora.png\"], [6, \"assets/image/items/Shivada_Jade_Chunk.png\"], [12, \"assets/image/items/Hoarfrost_Core.png\"], [45, \"assets/image/items/Valberry.png\"], [12, \"assets/image/items/Lieutenant%60s_Insignia.png\"]]], [80, [[120000, \"assets/image/items/Mora.png\"], [6, \"assets/image/items/Shivada_Jade_Gemstone.png\"], [20, \"assets/image/items/Hoarfrost_Core.png\"], [60, \"assets/image/items/Valberry.png\"], [24, \"assets/image/items/Lieutenant%60s_Insignia.png\"]]]]', '[[2, [[12500, \"assets/image/items/Mora.png\"], [3, \"assets/image/items/Teachings_of_Ballad.png\"], [6, \"assets/image/items/Recruit%60s_Insignia.png\"]]], [3, [[17500, \"assets/image/items/Mora.png\"], [2, \"assets/image/items/Guide_to_Ballad.png\"], [3, \"assets/image/items/Sergeant%60s_Insignia.png\"]]], [4, [[25000, \"assets/image/items/Mora.png\"], [4, \"assets/image/items/Guide_to_Ballad.png\"], [4, \"assets/image/items/Sergeant%60s_Insignia.png\"]]], [5, [[30000, \"assets/image/items/Mora.png\"], [6, \"assets/image/items/Guide_to_Ballad.png\"], [6, \"assets/image/items/Sergeant%60s_Insignia.png\"]]], [6, [[37500, \"assets/image/items/Mora.png\"], [9, \"assets/image/items/Guide_to_Ballad.png\"], [9, \"assets/image/items/Sergeant%60s_Insignia.png\"]]], [7, [[120000, \"assets/image/items/Mora.png\"], [4, \"assets/image/items/Philosophies_of_Ballad.png\"], [4, \"assets/image/items/Lieutenant%60s_Insignia.png\"], [1, \"assets/image/items/Shadow_of_the_Warrior.png\"]]], [8, [[250000, \"assets/image/items/Mora.png\"], [6, \"assets/image/items/Philosophies_of_Ballad.png\"], [6, \"assets/image/items/Lieutenant%60s_Insignia.png\"], [1, \"assets/image/items/Shadow_of_the_Warrior.png\"]]], [9, [[450000, \"assets/image/items/Mora.png\"], [12, \"assets/image/items/Philosophies_of_Ballad.png\"], [9, \"assets/image/items/Lieutenant%60s_Insignia.png\"], [2, \"assets/image/items/Shadow_of_the_Warrior.png\"]]], [10, [[700000, \"assets/image/items/Mora.png\"], [16, \"assets/image/items/Philosophies_of_Ballad.png\"], [12, \"assets/image/items/Lieutenant%60s_Insignia.png\"], [2, \"assets/image/items/Shadow_of_the_Warrior.png\"], [1, \"assets/image/items/Crown.png\"]]]]', '[[\"assets/image/characters/Rosaria/Constellation/constellation_1.png\", \"Откровения грешника\", [[0, [\"При критическом попадании скорость и урон обычной атаки Розарии повышается на 10% в течение 4 сек.\", \"\"]]]], [\"assets/image/characters/Rosaria/Constellation/constellation_2.png\", \"Несчастная земля\", [[0, [\"Увеличивает длительность существования Ледяного копья навыка Обряд кончины на 4 сек.\", \"\"]]]], [\"assets/image/characters/Rosaria/Constellation/constellation_3.png\", \"Таинство покаяния\", [[0, [\"Увеличивает уровень навыка Казнящая исповедь на 3.\", \"Макс. уровень: 15\", \"\"]]]], [\"assets/image/characters/Rosaria/Constellation/constellation_4.png\", \"Благодатные муки\", [[0, [\"Крит. попадания навыка Казнящая исповедь восстанавливают 5 ед. энергии Розарии.\", \"Может возникнуть не более 1 раза за каждое использование навыка Казнящая исповедь.\"]]]], [\"assets/image/characters/Rosaria/Constellation/constellation_5.png\", \"Предсмертная молитва\", [[0, [\"Увеличивает уровень навыка Обряд кончины на 3.\", \"Макс. уровень: 15\"]]]], [\"assets/image/characters/Rosaria/Constellation/constellation_6.png\", \"Божественный суд\", [[0, [\"Атаки навыка Обряд кончины понижают физ. сопротивление врагов на 20% в течение 10 сек.\", \"\"]]]]]'),
(13, 'Xingqiu', 'Син Цю', 'hydro', 4, 'star_4', 'assets/image/weapons/one-handed_sword.png', 'Ли Юэ', 'Молодой любитель книг с благородным сердцем и длинным мечом.', '[\"assets/image/characters/Xingqiu/avatar.png\", \"assets/image/characters/Xingqiu/card.jpg\", \"assets/image/characters/Xingqiu/constellation.png\"]', 'skills-hydro', '[\"assets/image/characters/Xingqiu/Talents/Normal_Attack_Guhua_Style.png\", \"assets/image/characters/Xingqiu/Talents/Guhua_Sword_Fatal_Rainscreen.png\", \"assets/image/characters/Xingqiu/Talents/Guhua_Sword_Raincutter.png\", \"assets/image/characters/Xingqiu/Talents/const_talent_0.png\", \"assets/image/characters/Xingqiu/Talents/const_talent_1.png\", \"assets/image/characters/Xingqiu/Talents/const_talent_2.png\"]', '[[[\"Стиль Гухуа\"], [[1, \"Обычная атака:\", [\"До пяти быстрых ударов мечом.\"]], [1, \"Заряженная атака:\", [\"Два быстрых взмаха мечом, для которых тратится определённое количество выносливости.\"]], [1, \"Атака в падении:\", [\"Стремительно падает на землю, атакуя всех врагов на пути. Приземлившись, наносит урон по площади.\", \"\"]]]], [[\"Гухуа: Завеса дождя\", \"элементальный навык\"], [[0, [\"Син Цю выполняет два удара мечом, которые наносят Гидро урон. В то же время, активация навыка создаёт максимальное количество Мечей дождя, которые вращаются вокруг вашего персонажа.\", \"Мечи дождя имеют следующие свойства:\"]], [3, [\"Понижают получаемый персонажем урон, но каждая полученная атака уничтожает один меч;\", \"Повышают устойчивость к прерыванию атак;\", \"20% бонуса Гидро урона Син Цю конвертируются в количество поглощаемого урона.\"]], [0, [\"Таким способом макс. количество поглощаемого урона может быть увеличено до 24%.\", \"Начальное макс. количество Мечей дождя равно трём.\", \"Активация этого навыка накладывает на персонажа статус Мокрый.\", \"\"]]], \"«Легче убить дракона, чем сражаться с дождём».\"], [[\"Гухуа: Радужная стойка\", \"взрыв стихии\"], [[0, [\"Активирует Радужную стойку и позволяет сражаться с помощью макс. количества Мечей дождя.\"]], [2, \"Радужная стойка:\", [\"Обычные атаки вашего персонажа дополняются атаками Мечей дождя, которые наносят Гидро урон;\", \"Количество Мечей дождя остаётся постоянным на всё время действия навыка.\"]], [0, [\"«Радужная стойка» - одна из древнейших тайных техник школы Гухуа.\"]]]], [[\"Секрет текущей воды\", \"пассивный талант\", \"разблокируется на 1 уровне возвышения\"], [[0, [\"При уничтожении или окончании действия Мечей дождя, восстанавливает HP активного персонажа на 6% от макс. HP Син Цю.\", \"\"]]]], [[\"Красивый почерк\", \"пассивный талант\", \"разблокируется на 4 уровне возвышения\"], [[0, [\"Увеличивает бонус Гидро урона Син Цю на 20%.\", \"\"]]]], [[\"Всплеск вдохновения\", \"пассивный талант\", \"разблокируется автоматически\"], [[0, [\"При создании материалов повышения талантов Син Цю имеет 25% шанс восстановить часть использованных материалов.\", \"\"]]]]]', '[[20, [[20000, \"assets/image/items/Mora.png\"], [1, \"assets/image/items/Varunada_Lazurite_Sliver.png\"], [3, \"assets/image/items/Silk_Flower.png\"], [3, \"assets/image/items/Damaged_Mask.png\"]]], [40, [[40000, \"assets/image/items/Mora.png\"], [3, \"assets/image/items/Varunada_Lazurite_Fragment.png\"], [2, \"assets/image/items/Cleansing_Heart.png\"], [10, \"assets/image/items/Silk_Flower.png\"], [15, \"assets/image/items/Damaged_Mask.png\"]]], [50, [[60000, \"assets/image/items/Mora.png\"], [6, \"assets/image/items/Varunada_Lazurite_Fragment.png\"], [4, \"assets/image/items/Cleansing_Heart.png\"], [20, \"assets/image/items/Silk_Flower.png\"], [12, \"assets/image/items/Stained_Mask.png\"]]], [60, [[80000, \"assets/image/items/Mora.png\"], [3, \"assets/image/items/Varunada_Lazurite_Chunk.png\"], [8, \"assets/image/items/Cleansing_Heart.png\"], [30, \"assets/image/items/Silk_Flower.png\"], [18, \"assets/image/items/Stained_Mask.png\"]]], [70, [[100000, \"assets/image/items/Mora.png\"], [6, \"assets/image/items/Varunada_Lazurite_Chunk.png\"], [12, \"assets/image/items/Cleansing_Heart.png\"], [45, \"assets/image/items/Silk_Flower.png\"], [12, \"assets/image/items/Ominous_Mask.png\"]]], [80, [[120000, \"assets/image/items/Mora.png\"], [6, \"assets/image/items/Varunada_Lazurite_Gemstone.png\"], [20, \"assets/image/items/Cleansing_Heart.png\"], [60, \"assets/image/items/Silk_Flower.png\"], [24, \"assets/image/items/Ominous_Mask.png\"]]]]', '[[2, [[12500, \"assets/image/items/Mora.png\"], [3, \"assets/image/items/Teachings_of_Gold.png\"], [6, \"assets/image/items/Damaged_Mask.png\"]]], [3, [[17500, \"assets/image/items/Mora.png\"], [2, \"assets/image/items/Guide_to_Gold.png\"], [3, \"assets/image/items/Stained_Mask.png\"]]], [4, [[25000, \"assets/image/items/Mora.png\"], [4, \"assets/image/items/Guide_to_Gold.png\"], [4, \"assets/image/items/Stained_Mask.png\"]]], [5, [[30000, \"assets/image/items/Mora.png\"], [6, \"assets/image/items/Guide_to_Gold.png\"], [6, \"assets/image/items/Stained_Mask.png\"]]], [6, [[37500, \"assets/image/items/Mora.png\"], [9, \"assets/image/items/Guide_to_Gold.png\"], [9, \"assets/image/items/Stained_Mask.png\"]]], [7, [[120000, \"assets/image/items/Mora.png\"], [4, \"assets/image/items/Philosophies_of_Gold.png\"], [4, \"assets/image/items/Ominous_Mask.png\"], [1, \"assets/image/items/Tail_of_Boreas.png\"]]], [8, [[250000, \"assets/image/items/Mora.png\"], [6, \"assets/image/items/Philosophies_of_Gold.png\"], [6, \"assets/image/items/Ominous_Mask.png\"], [1, \"assets/image/items/Tail_of_Boreas.png\"]]], [9, [[450000, \"assets/image/items/Mora.png\"], [12, \"assets/image/items/Philosophies_of_Gold.png\"], [9, \"assets/image/items/Ominous_Mask.png\"], [2, \"assets/image/items/Tail_of_Boreas.png\"]]], [10, [[700000, \"assets/image/items/Mora.png\"], [16, \"assets/image/items/Philosophies_of_Gold.png\"], [12, \"assets/image/items/Ominous_Mask.png\"], [2, \"assets/image/items/Tail_of_Boreas.png\"], [1, \"assets/image/items/Crown.png\"]]]]', '[[\"assets/image/characters/Xingqiu/Constellation/constellation_1.png\", \"Запах дождя по утрам\", [[0, [\"Увеличивает макс. количество Мечей дождя на 1.\", \"\"]]]], [\"assets/image/characters/Xingqiu/Constellation/constellation_2.png\", \"Радужное небо\", [[0, [\"Увеличивает длительность навыка Гухуа: Радужная стойка на 3 сек;\", \"Понижает на 15% Гидро сопротивление противников, получивших урон от Мечей Дождя, на 4 сек.\", \"\"]]]], [\"assets/image/characters/Xingqiu/Constellation/constellation_3.png\", \"Стихоплетение\", [[0, [\"Увеличивает уровень навыка Гухуа: Радужная стойка на 3.\", \"Макс. уровень: 15\", \"\"]]]], [\"assets/image/characters/Xingqiu/Constellation/constellation_4.png\", \"Укротитель зла\", [[0, [\"Увеличивает урон навыка Гухуа: Завеса дождя на 50% во время действия навыка Гухуа: Радужная стойка.\", \"\"]]]], [\"assets/image/characters/Xingqiu/Constellation/constellation_5.png\", \"Объятья дождя\", [[0, [\"Увеличивает уровень навыка Гухуа: Завеса дождя на 3.\", \"Макс. уровень: 15\", \"\"]]]], [\"assets/image/characters/Xingqiu/Constellation/constellation_6.png\", \"Собрание сочинений\", [[0, [\"Каждые две атаки Мечей Дождя навыка Гухуа: Радужная стойка увеличивают урон следующей атаки Мечей Дождя. При попадании атаки Мечей Дождя восстанавливают 3 ед. энергии Син Цю.\", \"\"]]]]]'),
(14, 'Yanfei', 'Янь Фэй', 'pyro', 4, 'star_4', 'assets/image/weapons/catalyst.png', 'Ли Юэ', 'Известный консультант по юридическим вопросам из Ли Юэ. Проницательная девушка, в чьих венах течёт кровь Божественного зверя.', '[\"assets/image/characters/Yanfei/avatar.png\", \"assets/image/characters/Yanfei/card.png\", \"assets/image/characters/Yanfei/constellation.png\"]', 'skills-pyro', '[\"assets/image/characters/Yanfei/Talents/Normal_Attack_Seal_of_Approval.png\", \"assets/image/characters/Yanfei/Talents/Signed_Edict.png\", \"assets/image/characters/Yanfei/Talents/Done_Deal.png\", \"assets/image/characters/Yanfei/Talents/const_talent_0.png\", \"assets/image/characters/Yanfei/Talents/const_talent_1.png\", \"assets/image/characters/Yanfei/Talents/const_talent_2.png\"]', '[[[\"Печать одобрения\"], [[1, \"Обычная атака:\", [\"Запускает до трёх огненных шаров, которые наносят Пиро урон.\", \"Когда обычная атака попадает по врагу, Янь Фэй получает одну Багровую печать. Изначально может иметь максимум три печати. При каждой активации длительность уже имеющихся Багровых печатей обновляется.\", \"Каждая Багровая печать снижает потребление выносливости Янь Фэй. Печати исчезают при смене персонажа.\"]], [1, \"Заряженная атака:\", [\"После прочтения краткого заклинания тратит некоторое количество выносливости и все Багровые печати, нанося Пиро урон по площади перед собой.\", \"Чем больше потрачено Багровых печатей, тем больше урон и радиус заряженной атаки.\"]], [1, \"Атака в падении:\", [\"Накопив энергию огня, стремительно падает на землю, атакуя всех врагов на пути. Приземлившись, наносит Пиро урон по площади.\", \"\"]]]], [[\"Подписанный указ\", \"элементальный навык\"], [[0, [\"Призывает языки пламени, которые наносят Пиро урон по площади.\", \"При попадании по врагу даёт Янь Фэй максимальное количество Багровых печатей.\"]]], \"Печать, нанесённая огнём, имеет не только юридическую силу, но и накладывает дополнительные условия от самой Янь Фэй. Ведь законы природы не изменить, опираясь лишь на авторитет Департамента по делам граждан.\"], [[\"По рукам\", \"взрыв стихии\"], [[0, [\"Вызывает яростный поток огня, который бьёт окружающих врагов, нанося Пиро урон по площади. Также даёт Янь Фэй максимальное количество Багровых печатей и эффект Блеска.\"]], [1, \"Блеск\", [\"Имеет следующие эффекты:\"]], [3, [\"Периодически даёт Янь Фэй одну Багровую печать.\", \"Увеличивает урон заряженной атаки.\", \"Эффект Блеска пропадает, если Янь Фэй покидает поле боя или погибает.\"]], [0, [\"«Условия ясны, договор о жизни и смерти заключён. Ты умрёшь - я буду жить!»\"]]]], [[\"Оговорка\", \"пассивный талант\", \"разблокируется на 1 уровне возвышения\"], [[0, [\"Когда заряженная атака Янь Фэй потребляет Багровые печати, каждая потраченная печать увеличивает бонус Пиро урона на 5%, эффект длится 6 сек. Если во время действия эффекта снова используется заряженная атака, то она снимает предыдущий эффект.\", \"\"]]]], [[\"Пламенный взгляд\", \"пассивный талант\", \"разблокируется на 4 уровне возвышения\"], [[0, [\"При критическом попадании заряженной атаки по противнику Янь Фэй дополнительно наносит Пиро урон по площади, равный 80% силы атаки. Урон считается уроном заряженной атаки.\", \"\"]]]], [[\"Энциклопедические знания\", \"пассивный талант\", \"разблокируется автоматически\"], [[0, [\"Отмечает диковины Ли Юэ на мини-карте.\", \"\"]]]]]', '[[20, [[20000, \"assets/image/items/Mora.png\"], [1, \"assets/image/items/Agnidus_Agate_Sliver.png\"], [3, \"assets/image/items/Noctilucous_Jade.png\"], [3, \"assets/image/items/Treasure_Hoarder_Insignia.png\"]]], [40, [[40000, \"assets/image/items/Mora.png\"], [3, \"assets/image/items/Agnidus_Agate_Fragment.png\"], [2, \"assets/image/items/Juvenile_Jade.png\"], [10, \"assets/image/items/Noctilucous_Jade.png\"], [15, \"assets/image/items/Treasure_Hoarder_Insignia.png\"]]], [50, [[60000, \"assets/image/items/Mora.png\"], [6, \"assets/image/items/Agnidus_Agate_Fragment.png\"], [4, \"assets/image/items/Juvenile_Jade.png\"], [20, \"assets/image/items/Noctilucous_Jade.png\"], [12, \"assets/image/items/Silver_Raven_Insignia.png\"]]], [60, [[80000, \"assets/image/items/Mora.png\"], [3, \"assets/image/items/Agnidus_Agate_Chunk.png\"], [8, \"assets/image/items/Juvenile_Jade.png\"], [30, \"assets/image/items/Noctilucous_Jade.png\"], [18, \"assets/image/items/Silver_Raven_Insignia.png\"]]], [70, [[100000, \"assets/image/items/Mora.png\"], [6, \"assets/image/items/Agnidus_Agate_Chunk.png\"], [12, \"assets/image/items/Juvenile_Jade.png\"], [45, \"assets/image/items/Noctilucous_Jade.png\"], [12, \"assets/image/items/Golden_Raven_Insignia.png\"]]], [80, [[120000, \"assets/image/items/Mora.png\"], [6, \"assets/image/items/Agnidus_Agate_Gemstone.png\"], [20, \"assets/image/items/Juvenile_Jade.png\"], [60, \"assets/image/items/Noctilucous_Jade.png\"], [24, \"assets/image/items/Golden_Raven_Insignia.png\"]]]]', '[[2, [[12500, \"assets/image/items/Mora.png\"], [3, \"assets/image/items/Teachings_of_Gold.png\"], [6, \"assets/image/items/Treasure_Hoarder_Insignia.png\"]]], [3, [[17500, \"assets/image/items/Mora.png\"], [2, \"assets/image/items/Guide_to_Gold.png\"], [3, \"assets/image/items/Silver_Raven_Insignia.png\"]]], [4, [[25000, \"assets/image/items/Mora.png\"], [4, \"assets/image/items/Guide_to_Gold.png\"], [4, \"assets/image/items/Silver_Raven_Insignia.png\"]]], [5, [[30000, \"assets/image/items/Mora.png\"], [6, \"assets/image/items/Guide_to_Gold.png\"], [6, \"assets/image/items/Silver_Raven_Insignia.png\"]]], [6, [[37500, \"assets/image/items/Mora.png\"], [9, \"assets/image/items/Guide_to_Gold.png\"], [9, \"assets/image/items/Silver_Raven_Insignia.png\"]]], [7, [[120000, \"assets/image/items/Mora.png\"], [4, \"assets/image/items/Philosophies_of_Gold.png\"], [4, \"assets/image/items/Golden_Raven_Insignia.png\"], [1, \"assets/image/items/Bloodjade_Branch.png\"]]], [8, [[250000, \"assets/image/items/Mora.png\"], [6, \"assets/image/items/Philosophies_of_Gold.png\"], [6, \"assets/image/items/Golden_Raven_Insignia.png\"], [1, \"assets/image/items/Bloodjade_Branch.png\"]]], [9, [[450000, \"assets/image/items/Mora.png\"], [12, \"assets/image/items/Philosophies_of_Gold.png\"], [9, \"assets/image/items/Golden_Raven_Insignia.png\"], [2, \"assets/image/items/Bloodjade_Branch.png\"]]], [10, [[700000, \"assets/image/items/Mora.png\"], [16, \"assets/image/items/Philosophies_of_Gold.png\"], [12, \"assets/image/items/Golden_Raven_Insignia.png\"], [2, \"assets/image/items/Bloodjade_Branch.png\"], [1, \"assets/image/items/Crown.png\"]]]]', '[[\"assets/image/characters/Yanfei/Constellation/constellation_1.png\", \" Закон суров\", [[0, [\"При проведении заряженной атаки каждая Багровая печать увеличивает сопротивление прерыванию во время чтения заклинания и снижает потребление выносливости этой заряженной атаки на 10%.\", \"\"]]]], [\"assets/image/characters/Yanfei/Constellation/constellation_2.png\", \"Право толкования\", [[0, [\"Увеличивает на 20% шанс критического попадания заряженной атаки Янь Фэй против врагов с HP ниже 50%.\", \"\"]]]], [\"assets/image/characters/Yanfei/Constellation/constellation_3.png\", \" Печать истины\", [[0, [\"Увеличивает уровень навыка Подписанный указ на 3.\", \"Макс. уровень: 15\", \"\"]]]], [\"assets/image/characters/Yanfei/Constellation/constellation_4.png\", \"Охранная грамота\", [[0, [\"При использовании таланта По рукам:\", \"Создаёт щит, который в течение 15 сек. поглощает урон, равный 45% от макс. HP Янь Фэй.\", \"Пиро урон поглощается на 250% эффективнее.\", \"\"]]]], [\"assets/image/characters/Yanfei/Constellation/constellation_5.png\", \"Подчинение закону\", [[0, [\"Увеличивает уровень навыка По рукам на 3.\", \"Макс. уровень: 15\", \"\"]]]], [\"assets/image/characters/Yanfei/Constellation/constellation_6.png\", \"Дополнительный пункт\", [[0, [\"Увеличивает максимальное количество Багровых печатей на 1.\", \"\"]]]]]');

-- --------------------------------------------------------

--
-- Структура таблицы `items`
--

CREATE TABLE `items` (
  `id` int NOT NULL,
  `path` mediumtext NOT NULL,
  `rare` varchar(255) NOT NULL
) ENGINE=InnoDB DEFAULT CHARSET=utf8mb3;

--
-- Дамп данных таблицы `items`
--

INSERT INTO `items` (`id`, `path`, `rare`) VALUES
(1, 'assets/image/items/Mora.png', 'star_3'),
(2, 'assets/image/items/Crown.png', 'star_5'),
(3, 'assets/image/items/Vayuda_Turquoise_Sliver.png', 'star_2'),
(4, 'assets/image/items/Vayuda_Turquoise_Fragment.png', 'star_3'),
(5, 'assets/image/items/Vayuda_Turquoise_Chunk.png', 'star_4'),
(6, 'assets/image/items/Vayuda_Turquoise_Gemstone.png', 'star_5'),
(7, 'assets/image/items/Slime_Condensate.png', 'star_1'),
(8, 'assets/image/items/Slime_Secretions.png', 'star_2'),
(9, 'assets/image/items/Slime_Concentrate.png', 'star_3'),
(10, 'assets/image/items/Damaged_Mask.png', 'star_1'),
(11, 'assets/image/items/Stained_Mask.png', 'star_2'),
(12, 'assets/image/items/Ominous_Mask.png', 'star_3'),
(13, 'assets/image/items/Agnidus_Agate_Sliver.png', 'star_2'),
(14, 'assets/image/items/Agnidus_Agate_Fragment.png', 'star_3'),
(15, 'assets/image/items/Agnidus_Agate_Chunk.png', 'star_4'),
(16, 'assets/image/items/Agnidus_Agate_Gemstone.png', 'star_5'),
(17, 'assets/image/items/Prithiva_Topaz_Sliver.png', 'star_2'),
(18, 'assets/image/items/Prithiva_Topaz_Fragment.png', 'star_3'),
(19, 'assets/image/items/Prithiva_Topaz_Chunk.png', 'star_4'),
(20, 'assets/image/items/Prithiva_Topaz_Gemstone.png', 'star_5'),
(21, 'assets/image/items/Shivada_Jade_Sliver.png', 'star_2'),
(22, 'assets/image/items/Shivada_Jade_Fragment.png', 'star_3'),
(23, 'assets/image/items/Shivada_Jade_Chunk.png', 'star_4'),
(24, 'assets/image/items/Shivada_Jade_Gemstone.png', 'star_5'),
(25, 'assets/image/items/Varunada_Lazurite_Sliver.png', 'star_2'),
(26, 'assets/image/items/Varunada_Lazurite_Fragment.png', 'star_3'),
(27, 'assets/image/items/Varunada_Lazurite_Chunk.png', 'star_4'),
(28, 'assets/image/items/Varunada_Lazurite_Gemstone.png', 'star_5'),
(29, 'assets/image/items/Vajrada_Amethyst_Sliver.png', 'star_2'),
(30, 'assets/image/items/Vajrada_Amethyst_Fragment.png', 'star_3'),
(31, 'assets/image/items/Vajrada_Amethyst_Chunk.png', 'star_4'),
(32, 'assets/image/items/Vajrada_Amethyst_Gemstone.png', 'star_5'),
(33, 'assets/image/items/Nagadus_Emerald_Sliver.PNG', 'star_2'),
(34, 'assets/image/items/Nagadus_Emerald_Fragment.PNG', 'star_3'),
(35, 'assets/image/items/Nagadus_Emerald_Chunk.PNG', 'star_4'),
(36, 'assets/image/items/Nagadus_Emerald_Gemstone.PNG', 'star_5'),
(37, 'assets/image/items/Basalt_Pillar.png', 'star_4'),
(38, 'assets/image/items/Cleansing_Heart.png', 'star_4'),
(39, 'assets/image/items/Hoarfrost_Core.png', 'star_4'),
(40, 'assets/image/items/Juvenile_Jade.png', 'star_4'),
(41, 'assets/image/items/Everflame_Seed.png', 'star_4'),
(42, 'assets/image/items/Hurricane_Seed.png', 'star_4'),
(43, 'assets/image/items/Lightning_Prism.png', 'star_4'),
(44, 'assets/image/items/Quelled_Creeper.png', 'star_4'),
(45, 'assets/image/items/Thunderclap_Fruitcore.png', 'star_4'),
(46, 'assets/image/items/Bloodjade_Branch.png', 'star_5'),
(47, 'assets/image/items/Dvalin`s_Claw.png', 'star_5'),
(48, 'assets/image/items/Dvalin`s_Plume.png', 'star_5'),
(49, 'assets/image/items/Mudra_of_the_Malefic_General.png', 'star_5'),
(50, 'assets/image/items/Puppet_Strings.png', 'star_5'),
(51, 'assets/image/items/Shadow_of_the_Warrior.png', 'star_5'),
(52, 'assets/image/items/Shard_of_a_Foul_Legacy.png', 'star_5'),
(53, 'assets/image/items/Spirit_Locket_of_Boreas.png', 'star_5'),
(54, 'assets/image/items/Tail_of_Boreas.png', 'star_5'),
(55, 'assets/image/items/Tusk_of_Monoceros_Caeli.png', 'star_5'),
(56, 'assets/image/items/Cor_Lapis.png', 'star_1'),
(57, 'assets/image/items/Kalpalata_Lotus.png', 'star_1'),
(58, 'assets/image/items/Noctilucous_Jade.png', 'star_1'),
(59, 'assets/image/items/Qingxin.png', 'star_1'),
(60, 'assets/image/items/Scarab.png', 'star_1'),
(61, 'assets/image/items/Silk_Flower.png', 'star_1'),
(62, 'assets/image/items/Starconch.png', 'star_1'),
(63, 'assets/image/items/Valberry.png', 'star_1'),
(64, 'assets/image/items/Windwheel_Aster.png', 'star_1'),
(65, 'assets/image/items/Wolfhook.png', 'star_1'),
(66, 'assets/image/items/Divining_Scroll.png', 'star_1'),
(67, 'assets/image/items/Sealed_Scroll.png', 'star_2'),
(68, 'assets/image/items/Forbidden_Curse_Scroll.png', 'star_3'),
(69, 'assets/image/items/Treasure_Hoarder_Insignia.png', 'star_1'),
(70, 'assets/image/items/Silver_Raven_Insignia.png', 'star_2'),
(71, 'assets/image/items/Golden_Raven_Insignia.png', 'star_3'),
(72, 'assets/image/items/Whopperflower_Nectar.png', 'star_1'),
(73, 'assets/image/items/Shimmering_Nectar.png', 'star_2'),
(74, 'assets/image/items/Energy_Nectar.png', 'star_3'),
(75, 'assets/image/items/Recruit`s_Insignia.png', 'star_1'),
(76, 'assets/image/items/Sergeant`s_Insignia.png', 'star_2'),
(77, 'assets/image/items/Lieutenant`s_Insignia.png', 'star_3'),
(78, 'assets/image/items/Fungal_Spores.png', 'star_1'),
(79, 'assets/image/items/Luminescent_Pollen.png', 'star_2'),
(80, 'assets/image/items/Crystalline_Cyst_Dust.png', 'star_3'),
(81, 'assets/image/items/Teachings_of_Freedom.png', 'star_2'),
(82, 'assets/image/items/Guide_to_Freedom.png', 'star_3'),
(83, 'assets/image/items/Philosophies_of_Freedom.png', 'star_4'),
(84, 'assets/image/items/Teachings_of_Resistance.png', 'star_2'),
(85, 'assets/image/items/Guide_to_Resistance.png', 'star_3'),
(86, 'assets/image/items/Philosophies_of_Resistance.png', 'star_4'),
(87, 'assets/image/items/Teachings_of_Ballad.png', 'star_2'),
(88, 'assets/image/items/Guide_to_Ballad.png', 'star_3'),
(89, 'assets/image/items/Philosophies_of_Ballad.png', 'star_4'),
(90, 'assets/image/items/Teachings_of_Prosperity.png', 'star_2'),
(91, 'assets/image/items/Guide_to_Prosperity.png', 'star_3'),
(92, 'assets/image/items/Philosophies_of_Prosperity.png', 'star_4'),
(93, 'assets/image/items/Teachings_of_Diligence.png', 'star_2'),
(94, 'assets/image/items/Guide_to_Diligence.png', 'star_3'),
(95, 'assets/image/items/Philosophies_of_Diligence.png', 'star_4'),
(96, 'assets/image/items/Teachings_of_Gold.png', 'star_2'),
(97, 'assets/image/items/Guide_to_Gold.png', 'star_3'),
(98, 'assets/image/items/Philosophies_of_Gold.png', 'star_4'),
(99, 'assets/image/items/Teachings_of_Admonition.png', 'star_2'),
(100, 'assets/image/items/Guide_to_Admonition.png', 'star_3'),
(101, 'assets/image/items/Philosophies_of_Admonition.png', 'star_4'),
(102, 'assets/image/items/Teachings_of_Ingenuity.png', 'star_2'),
(103, 'assets/image/items/Guide_to_Ingenuity.png', 'star_3'),
(104, 'assets/image/items/Philosophies_of_Ingenuity.png', 'star_4');

-- --------------------------------------------------------

--
-- Структура таблицы `recommendation_artifacts`
--

CREATE TABLE `recommendation_artifacts` (
  `id` int NOT NULL,
  `id_characters` int NOT NULL,
  `count` int NOT NULL,
  `id_artifacts1` int NOT NULL,
  `id_artifacts2` int NOT NULL
) ENGINE=InnoDB DEFAULT CHARSET=utf8mb3;

--
-- Дамп данных таблицы `recommendation_artifacts`
--

INSERT INTO `recommendation_artifacts` (`id`, `id_characters`, `count`, `id_artifacts1`, `id_artifacts2`) VALUES
(1, 4, 4, 1, 1),
(2, 1, 4, 2, 2),
(3, 1, 2, 3, 4),
(4, 2, 4, 5, 5),
(7, 10, 4, 1, 1),
(21, 10, 4, 11, 11),
(23, 3, 4, 7, 7),
(24, 3, 2, 7, 11),
(33, 3, 4, 13, 13),
(39, 2, 4, 6, 6),
(40, 8, 4, 3, 3),
(41, 12, 4, 7, 7),
(42, 7, 4, 8, 8),
(54, 7, 4, 9, 9),
(55, 11, 4, 15, 15),
(56, 11, 4, 14, 14),
(57, 13, 4, 11, 11),
(58, 13, 2, 11, 10),
(59, 14, 4, 1, 1),
(60, 5, 4, 9, 9),
(70, 5, 4, 12, 12),
(72, 9, 4, 4, 4),
(78, 9, 4, 6, 6),
(79, 6, 4, 10, 10);

-- --------------------------------------------------------

--
-- Структура таблицы `recommendation_weapons`
--

CREATE TABLE `recommendation_weapons` (
  `id` int NOT NULL,
  `id_characters` int NOT NULL,
  `id_weapons` int NOT NULL
) ENGINE=InnoDB DEFAULT CHARSET=utf8mb3;

--
-- Дамп данных таблицы `recommendation_weapons`
--

INSERT INTO `recommendation_weapons` (`id`, `id_characters`, `id_weapons`) VALUES
(2, 1, 1),
(3, 1, 2),
(4, 2, 3),
(5, 2, 4),
(6, 3, 9),
(7, 3, 11),
(1, 4, 2),
(17, 5, 1),
(16, 5, 5),
(22, 6, 9),
(21, 6, 10),
(20, 6, 11),
(11, 7, 12),
(12, 7, 13),
(8, 8, 13),
(18, 9, 7),
(19, 9, 8),
(13, 11, 15),
(14, 11, 16),
(10, 12, 1),
(9, 12, 2),
(15, 14, 14);

-- --------------------------------------------------------

--
-- Структура таблицы `weapons`
--

CREATE TABLE `weapons` (
  `id` int NOT NULL,
  `name` varchar(255) NOT NULL,
  `rare` text NOT NULL,
  `path` mediumtext NOT NULL,
  `class` varchar(255) NOT NULL,
  `description` longtext NOT NULL
) ENGINE=InnoDB DEFAULT CHARSET=utf8mb3;

--
-- Дамп данных таблицы `weapons`
--

INSERT INTO `weapons` (`id`, `name`, `rare`, `path`, `class`, `description`) VALUES
(1, 'Нефритовый коршун', 'star_5', 'assets/image/weapons/Primordial_Jade_Winged-Spear.png', 'spear', 'Основная характеристика: увеличивает атаку. Второстепенная характеристика: увеличивает шанс критического попадания. Пассивная способность: при попадании увеличивает силу атаки на 3,2%/3,9%/4,6%/5,3%/6% в течение 6 сек. Эффект может складываться до 7 раз и возникает не чаще чем раз в 0,3 сек. На 7 уровне складывания увеличивает урон на 12%/15%/18%/21%/24%.'),
(2, 'Посох Хомы', 'star_5', 'assets/image/weapons/Staff_of_Homa.png', 'spear', 'Основная характеристика: увеличивает атаку. Второстепенная характеристика: увеличивает критический урон. Пассивная способность: увеличивает HP на 20%/25%/30%/35%/40%. Также даёт бонус атаки, равный 0,8%/1%/1,2%/1,4%/1,6% от макс. HP экипированного этим оружием персонажа. Когда HP экипированного этим оружием персонажа опускается ниже 50%, его сила атаки дополнительно увеличивается на 1%/1,2%/1,4%/1,6%/1,8% от его макс. HP.'),
(3, 'Покоритель вихря', 'star_5', 'assets/image/weapons/Vortex_Vanquisher.png', 'spear', 'Основная характеристика: увеличивает атаку. Второстепенная характеристика: увеличивает атаку в процентах. Пассивная способность: увеличивает прочность щита на 20%/25%/30%/35%/40%. При попадании увеличивает силу атаки на 4%/5%/6%/7%/8% в течение 8 сек. Эффект может складываться до 5 раз и возникнуть раз в 0,3 сек. Кроме того, под защитой щита бонус силы атаки данного эффекта увеличивается на 100%.'),
(4, 'Чёрная кисть', 'star_3', 'assets/image/weapons/Black_Tassel.png', 'spear', 'Основная характеристика: увеличивает атаку. Второстепенная характеристика: увеличивает здоровье. Пассивная способность: увеличивает урон по слаймам на 40%/50%/60%/70%/80%.'),
(5, 'Посох алых песков', 'star_5', 'assets/image/weapons/Staff_of_the_Scarlet_Sands.png', 'spear', 'Основная характеристика: увеличивает атаку. Второстепенная характеристика: увеличивает шанс критического попадания. Пассивная способность: увеличивает бонус атаки экипированного этим оружием персонажа на 52%/65%/78%/91%/104% от его мастерства стихий. Попадание по врагу элементальным навыком на 10 сек. наделяет Сном алых песков: бонус атаки экипированного этим оружием персонажа увеличивается на 28%/35%/42%/49%/56% от мастерства стихий. Эффект складывается до 3 раз.'),
(6, 'Драгоценный омут', 'star_5', 'assets/image/weapons/Primordial_Jade_Cutter.png', 'one-handed_sword', 'Основная характеристика: увеличивает атаку. Второстепенная характеристика: увеличивает шанс критического попадания. Пассивная способность: увеличивает HP на 20%/25%/30%/35%/40%. Также даёт бонус атаки, равный 1,2%/1,5%/1,8%/2,1%/2,4% от макс. HP экипированного этим оружием персонажа.'),
(7, 'Волчья погибель', 'star_5', 'assets/image/weapons/Wolf`s_Gravestone.png', 'two-handed_sword', 'Основная характеристика: увеличивает атаку. Второстепенная характеристика: увеличивает атаку в процентах. Пассивная способность: увеличивает силу атаки на 20%/25%/30%/35%/40%. При попадании по цели с HP меньше 30% увеличивает силу атаки всех членов отряда на 40%/50%/60%/70%/80% в течение 12 сек. Может возникнуть не чаще 1 раза за 30 сек.'),
(8, 'Прототип: Архаичный', 'star_4', 'assets/image/weapons/Prototype_Archaic.png', 'two-handed_sword', 'Основная характеристика: увеличивает атаку. Второстепенная характеристика: увеличивает атаку в процентах. Пассивная способность: при попадании обычной или заряженной атакой имеет 50% шанс нанести дополнительные 240%/300%/360%/420%/480% урона в небольшом радиусе. Может возникнуть раз в 15 сек.'),
(9, 'Лук Амоса', 'star_5', 'assets/image/weapons/Amos_Bow.png', 'archery', 'Основная характеристика: увеличивает атаку. Второстепенная характеристика: увеличивает атаку в процентах. Пассивная способность: увеличивает урон обычной и заряженной атаки на 12%/15%/18%/21%/24%. Каждые 0,1 сек. полёта стрелы, выпущенной обычной или заряженной атакой, увеличивают её урон на 8%/10%/12%/14%/16%. Эффект может складываться до 5 раз.'),
(10, 'Полярная звезда', 'star_5', 'assets/image/weapons/Polar_Star.png', 'archery', 'Основная характеристика: увеличивает атаку. Второстепенная характеристика: увеличивает шанс критического попадания. Пассивная способность: урон, наносимый элементальным навыком и взрывом стихии, увеличивается на 12%/15%/18%/21%/24%. Когда обычная атака, заряженная атака, элементальный навык или взрыв стихии попадают по врагу, возникает 1 ур. эффекта Звезда полярной ночи, который длится 12 сек. При 1/2/3/4 ур. эффекта Звезда полярной ночи сила атаки повышается на 10/20/30/48% / 12,5/25/37,5/60% / 15/30/45/72% / 17,5/35/52,5/84% / 20/40/60/96%. Уровни Звезды полярной ночи, созданные обычной атакой, заряженной атакой, элементальным навыком и взрывом стихии, рассчитываются по отдельности.'),
(11, 'Громовой пульс', 'star_5', 'assets/image/weapons/Thundering_Pulse.png', 'archery', 'Основная характеристика: увеличивает атаку. Второстепенная характеристика: увеличивает критический урон. Пассивная способность: увеличивает силу атаки на 20%/25%/30%/35%/40% и дарует мощь Громовой эмблемы. На уровнях эмблемы 1, 2 или 3 урон обычной атаки увеличивается на 12%, 24% или 40% / 15%, 30% или 50% / 18%, 36% или 60% / 21%, 42% или 70% / 24%, 48% или 80% соответственно. Персонаж получает 1 уровень Громовой эмблемы в каждом из следующих случаев: при нанесении урона обычной атакой (эмблема действует 5 сек.); при применении элементального навыка (эмблема действует 10 сек.); когда элементальная энергия персонажа ниже 100% (эмблема исчезнет, когда элементальная энергия полностью восстановится). Продолжительность действия каждого уровня эмблемы рассчитывается индивидуально.'),
(12, 'Сновидения тысячи ночей', 'star_5', 'assets/image/weapons/A_Thousand_Floating_Dreams.png', 'catalyst', 'Основная характеристика: увеличивает атаку. Второстепенная характеристика: увеличивает мастерство стихий. Пассивная способность: другие члены отряда предоставляют экипированному этим оружием персонажу усиления в зависимости от того, совпадают их элементы, или нет. Если элементы совпадают, мастерство стихий повышается на 32/40/48/56/64 ед. Если не совпадают, экипированный этим оружием персонаж получает 10%/14%/18%/22%/26% бонус урона своего элемента. Данные эффекты складываются до 3 раз. Вдобавок мастерство стихий всех персонажей отряда поблизости (кроме экипированного этим оружием персонажа) увеличивается на 40/42/44/46/48 единиц. Если этим оружием обладают и другие члены отряда, эффект суммируется.'),
(13, 'Церемониальные мемуары', 'star_4', 'assets/image/weapons/Sacrificial_Fragments.png', 'catalyst', 'Основная характеристика: увеличивает атаку. Второстепенная характеристика: увеличивает мастерство стихий. Пассивная способность: когда элементальный навык наносит урон, есть 40%/50%/60%/70%/80% вероятность, что его откат моментально восстановится. Может возникнуть раз в 30/26/22/19/16 сек.'),
(14, 'Небесный атлас', 'star_5', 'assets/image/weapons/Skyward_Atlas.png', 'catalyst', 'Основная характеристика: увеличивает атаку. Второстепенная характеристика: увеличивает атаку в процентах. Пассивная способность: увеличивает бонус элементального урона на 12%/15%/18%/21%/24%. При попадании обычной атакой есть 50% шанс получить благословение облаков, которые в течение 15 сек. атакуют ближайших врагов и наносят им 160%/200%/240%/280%/320% урона. Может возникнуть раз в 30 сек.'),
(15, 'Краснорогий камнеруб', 'star_5', 'assets/image/weapons/Redhorn_Stonethresher.png', 'two-handed_sword', 'Основная характеристика: увеличивает атаку. Второстепенная характеристика: увеличивает критический урон. Пассивная способность: защита повышается на 28%/35%/42%/49%/56%, урон обычных и заряженных атак повышается на 40%/50%/60%/70%/80% защиты.'),
(16, 'Белая тень', 'star_4', 'assets/image/weapons/Whiteblind.png', 'two-handed_sword', 'Основная характеристика: увеличивает атаку. Второстепенная характеристика: увеличивает защиту в процентах. Пассивная способность: при попадании Обычной или Заряженной атакой Сила атаки и Защита увеличиваются на 6%/7,5%/9%/10,5%/12% в течение 6 сек. Эффект может складываться до 4 раз. Может возникнуть не чаще 1 раза за 0,5 сек.');

--
-- Индексы сохранённых таблиц
--

--
-- Индексы таблицы `admins`
--
ALTER TABLE `admins`
  ADD PRIMARY KEY (`id`);

--
-- Индексы таблицы `artifacts`
--
ALTER TABLE `artifacts`
  ADD PRIMARY KEY (`id`);

--
-- Индексы таблицы `characters`
--
ALTER TABLE `characters`
  ADD PRIMARY KEY (`id`);

--
-- Индексы таблицы `items`
--
ALTER TABLE `items`
  ADD PRIMARY KEY (`id`);

--
-- Индексы таблицы `recommendation_artifacts`
--
ALTER TABLE `recommendation_artifacts`
  ADD PRIMARY KEY (`id`),
  ADD KEY `id_characters` (`id_characters`,`id_artifacts1`,`id_artifacts2`),
  ADD KEY `id_artifacts1` (`id_artifacts1`),
  ADD KEY `id_artifacts2` (`id_artifacts2`);

--
-- Индексы таблицы `recommendation_weapons`
--
ALTER TABLE `recommendation_weapons`
  ADD PRIMARY KEY (`id`),
  ADD KEY `id_characters` (`id_characters`,`id_weapons`),
  ADD KEY `id_weapons` (`id_weapons`);

--
-- Индексы таблицы `weapons`
--
ALTER TABLE `weapons`
  ADD PRIMARY KEY (`id`);

--
-- AUTO_INCREMENT для сохранённых таблиц
--

--
-- AUTO_INCREMENT для таблицы `admins`
--
ALTER TABLE `admins`
  MODIFY `id` int NOT NULL AUTO_INCREMENT, AUTO_INCREMENT=2;

--
-- AUTO_INCREMENT для таблицы `artifacts`
--
ALTER TABLE `artifacts`
  MODIFY `id` int NOT NULL AUTO_INCREMENT, AUTO_INCREMENT=16;

--
-- AUTO_INCREMENT для таблицы `characters`
--
ALTER TABLE `characters`
  MODIFY `id` int NOT NULL AUTO_INCREMENT, AUTO_INCREMENT=15;

--
-- AUTO_INCREMENT для таблицы `items`
--
ALTER TABLE `items`
  MODIFY `id` int NOT NULL AUTO_INCREMENT, AUTO_INCREMENT=105;

--
-- AUTO_INCREMENT для таблицы `recommendation_artifacts`
--
ALTER TABLE `recommendation_artifacts`
  MODIFY `id` int NOT NULL AUTO_INCREMENT, AUTO_INCREMENT=80;

--
-- AUTO_INCREMENT для таблицы `recommendation_weapons`
--
ALTER TABLE `recommendation_weapons`
  MODIFY `id` int NOT NULL AUTO_INCREMENT, AUTO_INCREMENT=23;

--
-- AUTO_INCREMENT для таблицы `weapons`
--
ALTER TABLE `weapons`
  MODIFY `id` int NOT NULL AUTO_INCREMENT, AUTO_INCREMENT=17;

--
-- Ограничения внешнего ключа сохраненных таблиц
--

--
-- Ограничения внешнего ключа таблицы `recommendation_artifacts`
--
ALTER TABLE `recommendation_artifacts`
  ADD CONSTRAINT `recommendation_artifacts_ibfk_1` FOREIGN KEY (`id_characters`) REFERENCES `characters` (`id`) ON DELETE CASCADE ON UPDATE CASCADE,
  ADD CONSTRAINT `recommendation_artifacts_ibfk_2` FOREIGN KEY (`id_artifacts1`) REFERENCES `artifacts` (`id`) ON DELETE CASCADE ON UPDATE CASCADE,
  ADD CONSTRAINT `recommendation_artifacts_ibfk_3` FOREIGN KEY (`id_artifacts2`) REFERENCES `artifacts` (`id`) ON DELETE CASCADE ON UPDATE CASCADE;

--
-- Ограничения внешнего ключа таблицы `recommendation_weapons`
--
ALTER TABLE `recommendation_weapons`
  ADD CONSTRAINT `recommendation_weapons_ibfk_1` FOREIGN KEY (`id_characters`) REFERENCES `characters` (`id`) ON DELETE CASCADE ON UPDATE CASCADE,
  ADD CONSTRAINT `recommendation_weapons_ibfk_2` FOREIGN KEY (`id_weapons`) REFERENCES `weapons` (`id`) ON DELETE CASCADE ON UPDATE CASCADE;
COMMIT;

/*!40101 SET CHARACTER_SET_CLIENT=@OLD_CHARACTER_SET_CLIENT */;
/*!40101 SET CHARACTER_SET_RESULTS=@OLD_CHARACTER_SET_RESULTS */;
/*!40101 SET COLLATION_CONNECTION=@OLD_COLLATION_CONNECTION */;
